filename,slice_number,z_mm,undo_rotation_deg,width_px,height_px,bytes,sha256,has_exif,mask_pixels
Ball_rec0103.jpg,103,0.5665,0,4000,4000,681441,6a88b0da193d2a76246edeb5b2ace4218039cb8b2514565ee5719a1245634825,False,80506
Ball_rec0104.jpg,104,0.572,1,4000,4000,519255,1aca4583461f544d924a7a59ec7a5afd6cf89d0258a71a99bddc74a48a8e3e8d,False,80433
Ball_rec0105.jpg,105,0.5775,2,4000,4000,517530,25c5914c29294aa362ec223be0741139a90a2d21625b8209876ab48c3452b9bd,False,80388
Ball_rec0106.jpg,106,0.583,3,4000,4000,516168,c745723120873e846fcc64cee5b85232332934c78d632be41f13766964e8505c,False,80360
Ball_rec0107.jpg,107,0.5885,4,4000,4000,514250,c04266534f4bf3c517253be3f3d607cfead6aef5dc80a9ac6fad90a98dd5df18,False,79845
Ball_rec0108.jpg,108,0.594,5,4000,4000,512846,f4a1e5517b1d22c26f7d0ed5267401be847552e1ccc3f71c4e0181f0c92d4647,False,79840
Ball_rec0109.jpg,109,0.5995,6,4000,4000,512017,e5f657bdb9ae32cbd36515896cc06f155156f40bc51e37e102e2704867576ec5,False,79848
Ball_rec0110.jpg,110,0.605,7,4000,4000,510501,a08220a7becf4476ad7821c717ee739013ed2b0ba24e4744bd6ef41ee229bb8d,False,79865
Ball_rec0111.jpg,111,0.6105,8,4000,4000,509245,7fd7048db9300f4e5b1f8115986fe3dd18e5175e15618c026de55712207de638,False,80281
Ball_rec0112.jpg,112,0.616,9,4000,4000,508134,a1bd9794438caa3f755a5efbeabaf5f20eb42c7975bae7338f7ff3f9cb5ed8af,False,79835
Ball_rec0113.jpg,113,0.6215,10,4000,4000,507160,99857f14091d34cf53eadc17ad5c51dee07eaf23bcc4a3d74b248e2fd0a25d9c,False,80287
Ball_rec0114.jpg,114,0.627,11,4000,4000,506050,a32dd49a6d99375cdac7a9fee821e3f721351da509072d014fd296e4f9a5ee84,False,80320
Ball_rec0115.jpg,115,0.6325,12,4000,4000,504050,78a48d31f36aec3c359b259b192e959b7bbebfc954b39de1321061f1f3f7e7d4,False,80296
Ball_rec0116.jpg,116,0.638,13,4000,4000,502470,d51a89edc774a215015b575f7414d8a99d31738c7e2134a6a32c9b44ff737df7,False,80301
Ball_rec0117.jpg,117,0.6435,14,4000,4000,500460,e4a23170ac8be5e2733555affcbb2253a2e0802080c6e0f77444ef5fceac935d,False,80233
Ball_rec0118.jpg,118,0.649,15,4000,4000,499122,aad94b84906cb308a842b2dc5cf449790cdb7fef8e5a5afd24ffa53c93d19914,False,80150
Ball_rec0119.jpg,119,0.6545,16,4000,4000,722538,0a1b9bfc63c27e691e84e2281cfef27f469ec4fc400a8493cce49031dc98ec8b,True,79994
Ball_rec0256.jpg,256,1.408,17,4000,4000,609762,07cb760869ca2c085d60dec587e9c4b2eada4ecc06d29db830840166384aed2b,False,79841
Ball_rec0257.jpg,257,1.4135,18,4000,4000,609083,95b9f04e4771d67e86ca73fa98cda07a769daf2b66844b8c89b7456f66f067c4,False,79833
Ball_rec0258.jpg,258,1.419,19,4000,4000,609369,5e5ffd21728ab3a487f5fdb9b3bdc7cc5328fcc2a43c117a3526b3a4df3ac0de,False,79855
Ball_rec0259.jpg,259,1.4245,20,4000,4000,608957,575343a87b22a767d938f58fa5a8495ef16ec6db45872fb417312a83768102be,False,79835
Ball_rec0260.jpg,260,1.43,21,4000,4000,608822,1d71b1cb5fce513ade1251edea3a12c3b25c63bb21e930aed587bb761c6c5c39,False,79848
Ball_rec0261.jpg,261,1.4355,22,4000,4000,608447,b47a9f272e3940a0ac3e7d0fac7dc83d147e79d71b51ee6991e00ce956c2019a,False,79834
Ball_rec0262.jpg,262,1.441,23,4000,4000,608157,10cd1af656cce6fd237e28e069b52507e9f982f6509577e5576c7c11f95e6392,False,79832
Ball_rec0263.jpg,263,1.4465,24,4000,4000,608281,fb019cbd06fbe944bd53d226616d744a73d27a0eefb4c728835437aabe891ca8,False,79848
Ball_rec0264.jpg,264,1.452,25,4000,4000,608333,4eab774069788e184413395b34e7fdb160c99815474a718cc90116705abbaf0b,False,79845
Ball_rec0265.jpg,265,1.4575,26,4000,4000,608814,35032cdb1a20cb5088a77425dc867b523b4d08b675081a54f2c2a032fedd8e0e,False,79838
Ball_rec0266.jpg,266,1.463,27,4000,4000,608498,7e8aa653064d24019d3c0dc8d65ed6d7e128e6361680194219a45a96df12ea4a,False,79844
Ball_rec0267.jpg,267,1.4685,28,4000,4000,608861,684039c0b8f3f2e5fe2d91cd0f2db5d64c029dd766fa6e4ece255cb740e6fddd,False,79851
Ball_rec0268.jpg,268,1.474,29,4000,4000,608400,57392342967fa24a52ddc2148b6d964924f795dcd77c164d7b4c8bd239332215,False,79853
Ball_rec0269.jpg,269,1.4795,30,4000,4000,608149,6f5345dd6f69e675afe622c17d9657f23eaf73e5ebade2af7342b26a41a68dfa,False,79854
Ball_rec0270.jpg,270,1.485,31,4000,4000,608224,ba5b54c749c5dd1172a78fa59e74853c7c4840263857860569108535be5defb3,False,79869
Ball_rec0271.jpg,271,1.4905,32,4000,4000,608068,7a6c7f0f3a03ab9379e2c35ebc2d347aeb7dd88aab6d9efc7e57b08830c8ef0e,False,79866
Ball_rec0272.jpg,272,1.496,33,4000,4000,608149,4ed13db746846c343173fb901330474155eaa7987f01edc8051ba55406d31d5b,False,79873
Ball_rec0273.jpg,273,1.5015,34,4000,4000,608532,1e8dbbd06a14d1b48da3c40fdc7e011269857263df986c6526ff89359a8a0381,False,79880
Ball_rec0274.jpg,274,1.507,35,4000,4000,608788,d1e4580f9a7c5b32cd41bc0741c4369be8822b762f21eabefce0bb8698b09086,False,79886
Ball_rec0275.jpg,275,1.5125,36,4000,4000,608500,c42442d4e5d9f1c95a39645675b87e18f99ce70e65ee0417ee8535ba998c3538,False,79889
Ball_rec0318.jpg,318,1.749,37,4000,4000,608603,f0059c0b9e03eda1d8524927762660b72d52bc4d340b55a7745651ad770d746e,False,80023
Ball_rec0319.jpg,319,1.7545,38,4000,4000,608762,5a76261edd90e310b582f3d992a6951de412757fdb4b03d18c26e98393733273,False,80021
Ball_rec0320.jpg,320,1.76,39,4000,4000,609178,1fc7da89fa7d3849ec3d75ca2fad5028eaeb3021ac533e4fbe642561c300a75b,False,80022
Ball_rec0321.jpg,321,1.7655,40,4000,4000,608939,0af715e513567bfe1e4bab0fc2c4329e0fe22e7b3f587d307a9886e0d05c9856,False,80025
Ball_rec0322.jpg,322,1.771,41,4000,4000,608817,ecb8bc6e008122f03cae6bbcf8e1cc7db233b9aca573cdc76cbbe3de33d3e7d5,False,80040
Ball_rec0323.jpg,323,1.7765,42,4000,4000,609237,3fab7aabda78c68a3554a28e2c2cfe8617d91629b643531e4a6b4903910718ec,False,80038
Ball_rec0324.jpg,324,1.782,43,4000,4000,608997,7c9c11cdd078a420e6a36f7b1dff19c88c9786f2e9be344bd3301bbcd8807972,False,80047
Ball_rec0325.jpg,325,1.7875,44,4000,4000,609564,134ef6a627df329a2296f165f9b87f031aee64fe3f5165b5273045d18b6f2057,False,80050
Ball_rec0326.jpg,326,1.793,45,4000,4000,609029,d703d3cae7f2b3198cda6cbdcdee8b9f1b0daae06c15e7b4f1a3516a21725f98,False,80058
Ball_rec0327.jpg,327,1.7985,46,4000,4000,609397,569b600f5b51af11ec151e0c1f01a973aa4c0e4cd343f529f1f2e49619f994b4,False,80051
Ball_rec0328.jpg,328,1.804,47,4000,4000,609107,af3f573882e602c02424cba1a6f650d1211b7d38a1cbe5c7488c80f9e1a2530f,False,80057
Ball_rec0329.jpg,329,1.8095,48,4000,4000,608817,604a087cf5e2a57a875369773827e2bc3553a99292aab40efe529592afbd2dbb,False,80056
Ball_rec0330.jpg,330,1.815,49,4000,4000,608310,5754133e10f8385da38173009c391f05f7b5ae9da177a2093e1a9fb2aeba2036,False,80063
Ball_rec0331.jpg,331,1.8205,50,4000,4000,608166,bac3571fda053d80f8eed1dd0ef219e2d85ea75a28c5121474f3910d86a6e678,False,80081
Ball_rec0332.jpg,332,1.826,51,4000,4000,608284,6d8fa099382fc32f2530a38d8d764079340300f27779beda38e165dac3139574,False,80090
Ball_rec0333.jpg,333,1.8315,52,4000,4000,608376,636929738587f1632434816a969418f47e170dd343052a542c33206cd483ddaf,False,80102
Ball_rec0334.jpg,334,1.837,53,4000,4000,607721,b67390e7282083ff05727c844de2e0a98061d3ad5d3aec51ffdf04b1ba0a0b06,False,80114
Ball_rec0335.jpg,335,1.8425,54,4000,4000,608001,7f1be9857b5c4b898f689fd2f25f69c68febe38a4a808501384bcba26396aedd,False,80134
Ball_rec0336.jpg,336,1.848,55,4000,4000,608030,abea806a964a9df1817a16fcbae43afa27c2736d2e26b93fb6a870217a7bf60b,False,80128
Ball_rec0337.jpg,337,1.8535,56,4000,4000,608033,723d0a442e15d9aa5e9b6209a8469c2d341a700e02e4a0af5bffa302ddb16bcf,False,80139
Ball_rec0338.jpg,338,1.859,57,4000,4000,615007,8449d656a11587cc2db1ea1b0633c5510048ef00732ba6d3face4f310a331aba,True,80154
Ball_rec0339.jpg,339,1.8645,58,4000,4000,607726,33fa44e1f73be0a94f7c9848c920b9bb631bb43c53054a2b65af17a57b1f77d3,False,80150
Ball_rec0340.jpg,340,1.87,59,4000,4000,607375,900694842950e4456f53b0cd39518963e7d504945ee6f2128dfb8bc98e26e4ad,False,80149
Ball_rec0341.jpg,341,1.8755,60,4000,4000,607910,db63bbda523d9dcd1ee4527a30d3e1e3d05fa2dc5ca5fa5bd189bf2d5267f34c,False,80148
Ball_rec0342.jpg,342,1.881,61,4000,4000,608259,34b368ebed3f687f731d5d10a6a1fd94c4b42789c40a1dded61931c56ae305d7,False,80155
Ball_rec0343.jpg,343,1.8865,62,4000,4000,608113,ad380e71a324efa6e2911136714fdc9670ffb6fab6948165be46eb1cc4a7ddce,False,80152
Ball_rec0344.jpg,344,1.892,63,4000,4000,608399,5e660e60162194d117c25cf68784b0107eca033d5454da3aaaf8760b3627ca2d,False,80164
Ball_rec0345.jpg,345,1.8975,64,4000,4000,608283,64083f487914ec45de92389127e93ca118924a2ccac97082af015b9405de7548,False,80164
Ball_rec0346.jpg,346,1.903,65,4000,4000,607743,bff940ecae2f58f957695e3d2b56ab6cee879efb4e0e3fe14fb7bcf22ea87b5f,False,80165
Ball_rec0347.jpg,347,1.9085,66,4000,4000,607489,50e1a6d7bd42e0025d30b6097f0621f2b33ce1bc67e7cd77ff2933fb57ef52b8,False,80164
Ball_rec0348.jpg,348,1.914,67,4000,4000,606777,d63f47f4281ee0f73b0d3ad1a5f1ff490fc4e515c6e3690c016cbab54f522ef8,False,80173
Ball_rec0349.jpg,349,1.9195,68,4000,4000,606623,e41e3cf7434c2c6c6e094275d7e24e6eed3d0aeb3bc4e0865bd235f1b0801ba9,False,80182
Ball_rec0350.jpg,350,1.925,69,4000,4000,606720,1205d1c9268061490281724b4fb374b4cd1996a05cc660b5bd17a931049bde18,False,80181
Ball_rec0351.jpg,351,1.9305,70,4000,4000,606412,5d33702a22da993c41938f16b1e45a35120b21f477ae2e234bd4c45de883b02e,False,80196
Ball_rec0352.jpg,352,1.936,71,4000,4000,606382,8fa2d012a2388a84a4d4313e08710dcbd8ca47d8f4b073310e7e4fdacfd4ca64,False,80196
Ball_rec0353.jpg,353,1.9415,72,4000,4000,606584,674338cbbd67e9933b062b7a6a98ca11d37d64ff03ce2222c4cceeb9e8d5f346,False,80197
Ball_rec0354.jpg,354,1.947,73,4000,4000,607129,f65c462ce827ccd8fd35b03385d0a6927a7166273861bf8ca7d3b8395c79c764,False,80206
Ball_rec0355.jpg,355,1.9525,74,4000,4000,607392,7731c0ec65f96a634c4e044fc5afa45f3c1bc7405445bba14da164ba8a8929b9,False,80225
Ball_rec0356.jpg,356,1.958,75,4000,4000,608043,406823ca08abc5772663444218f5817a3b0d0e5c9e25c8cd0a5c9cffbd03b023,False,80230
Ball_rec0357.jpg,357,1.9635,76,4000,4000,608583,15fe2246f4c141a50f6ee9af9bdbb726cbc00cd4916f444ffa62beb95a69ef7d,False,80241
Ball_rec0358.jpg,358,1.969,77,4000,4000,609384,d78f673f6d15153aaa2e28b1707f495146f3a363b16ebfc7b673a88dfc71513c,False,80264
Ball_rec0359.jpg,359,1.9745,78,4000,4000,609941,5cba9a55340ac1df8dfac19931655504fd994ea6ec3d85308fa863bcef639342,False,80292
Ball_rec0360.jpg,360,1.98,79,4000,4000,610848,bc31d6466cadf680efb5a5556ff46a1c14bf9272979d327f0d24af29fd03961c,False,80292
Ball_rec0361.jpg,361,1.9855,80,4000,4000,611063,ad0a53da4aed25141aeafbb99a54745b400ba2d57f0482b955534144524b7042,False,80312
Ball_rec0362.jpg,362,1.991,81,4000,4000,611560,d50a1b4c418188aacaa1f2556c68cb5886dee02f1197090687c209529a019c8e,False,80324
Ball_rec0363.jpg,363,1.9965,82,4000,4000,611923,a5ceb292b31cd1ee71e94fe5e51db2a5a7300ad689f7a2a8cdaccb9715a37872,False,80343
Ball_rec0364.jpg,364,2.002,83,4000,4000,611610,5b771b44bdbcbdcffbd9132d4dc22cb3129d825b9a270a9b8b2a228d3864e2bb,False,80388
Ball_rec0365.jpg,365,2.0075,84,4000,4000,612086,26007caae071f3e36b9fe3f9084f511a6aae75af8a4d1226814661fb17167334,False,80423
Ball_rec0366.jpg,366,2.013,85,4000,4000,613550,953937d2ebe415b54bb21ebf18a2363a4d9dad8de7bcde24fca7997ba10aeb5b,False,80472
Ball_rec0367.jpg,367,2.0185,86,4000,4000,613611,408f241d2f12e0b9f7927970fff05b7ac4144a08c219361162c5123ff3661e71,False,80527
Ball_rec0649.jpg,649,3.5695,87,4000,4000,606831,65b6c0408d15da9b8963da3cdd3a736abe768da0280bc03f54e0f2b8856e6bf8,False,80771
Ball_rec0650.jpg,650,3.575,88,4000,4000,607449,eb4dd0ecbac0d5edd7c244569ff13931c7978984f6c9fd8f87ed11361f555ba2,False,80755
Ball_rec0651.jpg,651,3.5805,89,4000,4000,609128,62bf8e7eb0bc11cd6efe283ba7b2241fddebdeb4aaf691179d864209627988ae,False,80719
Ball_rec0652.jpg,652,3.586,90,4000,4000,651677,9dea93574ee9852efd7ba3cb2ef1cec19bf12e7ab183ae2d66e066607e7a05e3,False,80725
Ball_rec0653.jpg,653,3.5915,91,4000,4000,608742,a1cd46d367ae1843f0f0d61f47d2e6dc4e2d157ee4381f1181cf02b30d0ce25c,False,80708
Ball_rec0654.jpg,654,3.597,92,4000,4000,608156,cc687184c0919274e802edf8f0a92a78ca6153a0068824460f28c3cf272775c6,False,80671
Ball_rec0655.jpg,655,3.6025,93,4000,4000,607044,663df4f92a6e6f764ebb7967a55dd1e7812bb23279e3d0bf32af65e560584f1b,False,80651
Ball_rec0656.jpg,656,3.608,94,4000,4000,606612,c6c99f60f16d690ae88f7bee41de5f345da9e80819d29f933fe45a4cfa41038e,False,80636
Ball_rec0657.jpg,657,3.6135,95,4000,4000,606324,d1acc2573112955072b4cd03b888131f0b4de4283da4517419e02ac82dfc88ce,False,80613
Ball_rec0658.jpg,658,3.619,96,4000,4000,606021,aaf3076db7c622acf8c793f6317f2bae69265fcd0b5914c46c3bf226ca568989,False,80585
Ball_rec0659.jpg,659,3.6245,97,4000,4000,605626,8b42432de577be384e3bd15660e9b35adcfb3a569ca007fdf12d0907a4b44076,False,80544
Ball_rec0660.jpg,660,3.63,98,4000,4000,605253,4e792f24e53c3523e8a49c67d499dc91c217cfb0c0db4e1c52eb30b72cad2f65,False,80521
Ball_rec0661.jpg,661,3.6355,99,4000,4000,604783,c6d882973b84c7ff4bb2d1b023ff89398de36591ae082ac10620b51608fdda68,False,80489
Ball_rec0662.jpg,662,3.641,100,4000,4000,603877,de7335a87f74cc03d00155c56f1ff12ce9c792e72f82c294a9b455672eb7e7fa,False,80457
Ball_rec0663.jpg,663,3.6465,101,4000,4000,602980,b85f8d58bcbd311fca2545fcfb100d2b3325a98fb2e978e4f26d7f8282f002a4,False,80414
Ball_rec0664.jpg,664,3.652,102,4000,4000,601292,60506d9af3b8ec10194125370ba046c0a3e08e745510a5f710b59507bbaa1a9f,False,80377
Ball_rec0665.jpg,665,3.6575,103,4000,4000,600045,d7a6c21f3e25b8e18828ae2e74945dfcbeda8aa9b7b0f854089cc628ca4360ae,False,80340
Ball_rec0666.jpg,666,3.663,104,4000,4000,598322,0e3ec4a45f7276730c41686100f869d99f75f1a9cc14d0af7c74691b054cb855,False,80297
Ball_rec0667.jpg,667,3.6685,105,4000,4000,716065,e25d691760730f04fa0252f7c8d4e7a6481e9cc8d2792115ce86bbb72d9e0920,False,80246
Ball_rec0668.jpg,668,3.674,106,4000,4000,714069,ae3c7f61b4e4d3ebb1c221a1616424552adc6f57f628ddfed355d284a06ff776,False,80135
Ball_rec0669.jpg,669,3.6795,107,4000,4000,712699,04bcace542fcb6d6876b70e72f4925671a7325070c29f05a2b6868cad40f1787,False,79989
Ball_rec0671.jpg,671,3.6905,108,4000,4000,711187,6a272cbac7225aea4b8f9b98a178c9f89f7b0ffdec642e78031e7aae8876d049,False,79680
Ball_rec0672.jpg,672,3.696,109,4000,4000,710442,4dcc6aeca03c2b666010d5c67ac0de45a36deb98bfff493703efcb86752bbcaf,False,79481
Ball_rec0673.jpg,673,3.7015,110,4000,4000,709815,a68fc4b071571742559247b88eb3ee563d4c84eb9bdb6de9773f9105c44fb227,False,79313
Ball_rec0674.jpg,674,3.707,111,4000,4000,708975,04089aac6cac99bb699dd12c7f6a1604dbac90a1e91e2830242969942263f0ff,False,79102
Ball_rec0675.jpg,675,3.7125,112,4000,4000,708417,27a2b18da651af9c8791f6dc6d14ba4d7ce5e92e2c943d74442f52e76c8e33d9,False,78910
Ball_rec0676.jpg,676,3.718,113,4000,4000,707372,181478d9c42b11732f9048a552d9afe8c93807252893c5d74d2f8057e6ea657a,False,78719
Ball_rec0677.jpg,677,3.7235,114,4000,4000,707540,1f24d3fe20b772d4f67a7cc543271f68f36d49e28e651d263aeecc8e06b06aad,False,78490
Ball_rec0678.jpg,678,3.729,115,4000,4000,707441,9977b3442405da8a0e4359322b51c2a0deed90c2611ecb5e6246f752020ca35b,False,78232
Ball_rec0679.jpg,679,3.7345,116,4000,4000,707422,42f6bba800b23b114864f746491fea89d700b3a24519a03ac604221dd5498680,False,78002
Ball_rec0680.jpg,680,3.74,117,4000,4000,707805,fd4269b4ea59804f45368257c732bff8ba5202d9c950268a3420e95da6fd12c8,False,77713
Ball_rec0681.jpg,681,3.7455,118,4000,4000,708074,cfac60a046cdfb08e00b909c791fd7678002d0d59a43c0888cb1cb49a0a05a56,False,77374
Ball_rec0682.jpg,682,3.751,119,4000,4000,708418,d7530d2b2e22039a56a98bcd1336b550abf22d25615628198432234ac08a0621,False,77063
Ball_rec0683.jpg,683,3.7565,120,4000,4000,708488,7f7a0d202c8d6164beb79b187e8d01ddf6f0029588719cccf828264208b9955c,False,76767
Ball_rec0684.jpg,684,3.762,121,4000,4000,707902,343be1a2b33298841de8028026ea5a5e03806ec1b1125201b85386b1af9e6ddc,False,76471
Ball_rec0685.jpg,685,3.7675,122,4000,4000,706987,ff6c2a913360a4f508de50ab7dba64775feb78dac7b95ebdfcc7e8a344a9ddde,False,76217
Ball_rec0686.jpg,686,3.773,123,4000,4000,696805,0f34521382958c0d76a5aad2e1c1fff97f5fa9b06df7a17a220f850ca01d4784,False,75922
Ball_rec0687.jpg,687,3.7785,124,4000,4000,695685,d27e7a5ea6a3cee43a700de0862d10e9558ea45640cec1310348e5e8bbd52152,False,75683
Ball_rec0688.jpg,688,3.784,125,4000,4000,695194,6f6d24560ff840cd136810869b078102560e9085808d46693db1cca6f3bb6dc4,False,75437
Ball_rec0689.jpg,689,3.7895,126,4000,4000,694973,f5af9ef318be00ea0ecb6e770d4c3a60843ef513872f0aa2c1ea7530c90e974f,False,75236
Ball_rec0690.jpg,690,3.795,127,4000,4000,694134,e7bde88f18c022977eaba0ca59da5265d22f1c0b4c64025e976d68de6d78de92,False,75024
Ball_rec0691.jpg,691,3.8005,128,4000,4000,694202,41f2216519519c0109ab790af861468cd0fa068616e7c5254149b134992f9927,False,74805
Ball_rec0692.jpg,692,3.806,129,4000,4000,694019,9dfa2439643da505a42400a3c927dc45719ba6f65083b1f8aa4239f71e6879a7,False,74555
Ball_rec0693.jpg,693,3.8115,130,4000,4000,693484,6dceb20ed7cb7f30cd08bf0e33ea1a8df0577f8d1c65c4f290931110ad06fde3,False,74306
Ball_rec0694.jpg,694,3.817,131,4000,4000,693751,44ee68dc718653b55cfa98ca82271d76fcdcf06702606bd240bd0f5db0bde0b2,False,74053
Ball_rec0695.jpg,695,3.8225,132,4000,4000,693341,2636a545065885af1bf25b7d88fc7e1def733748d79e2a93aecb4160db08b9a9,False,73810
Ball_rec0696.jpg,696,3.828,133,4000,4000,692651,ed7fbe8493a78209b80289b993155de20bebe52ce4a36261ec3343c6452645db,False,73582
Ball_rec0697.jpg,697,3.8335,134,4000,4000,692520,dbc53028e3940926b6656ea4571a030cf7a38b23be6007799278e1b513c13bdd,False,73347
Ball_rec0698.jpg,698,3.839,135,4000,4000,691602,10cfa29ad611f1e386fedf25ac5e399cc15140dd112f99262b00e468e19f5a2f,False,73152
Ball_rec0699.jpg,699,3.8445,136,4000,4000,690988,c289c2b93adace5b467b65b89d06585ed413590d186d3e2643a08d0b4614eb2d,False,72948
Ball_rec0700.jpg,700,3.85,137,4000,4000,689621,67bec5baddf8026ea3c1b28ae47e2b31fc9c6181b177c6848fda143e3a54a482,False,72795
Ball_rec0701.jpg,701,3.8555,138,4000,4000,687806,b3caf5caca9fc46419b89de86ff929084576fe27b9d1ff542d2fb9868f4f341c,False,72630
Ball_rec0702.jpg,702,3.861,139,4000,4000,686953,fdfe9a4b38cc1fab752816a947735f0bcdefb173a60cdda8d57ff5cd11856a6a,False,72474
Ball_rec0703.jpg,703,3.8665,140,4000,4000,685477,3d32690a41e5399d9cd2b78f7485d88e0551ea29e4715d7704a9ef312181dd9f,False,72332
Ball_rec0705.jpg,705,3.8775,141,4000,4000,684684,b29980c25bf9caaf15f4252939472fdee13916df4f0f83b77a1363a77145ac9b,False,71954
Ball_rec0706.jpg,706,3.883,142,4000,4000,683994,224574b1410ad482e8592430ad12a6c6ab52cf9d08f0e4ac1f62eb16c20b0662,False,71755
Ball_rec0707.jpg,707,3.8885,143,4000,4000,683301,daf3b36baee91a3d76d1864f285f481e4145f75701604ca7355079e1c7f1b88b,False,71536
Ball_rec0708.jpg,708,3.894,144,4000,4000,683033,e3390065b016290b14f16d6ff385dfaaa260cca6810ab403029d9c78b8847b07,False,71363
Ball_rec0709.jpg,709,3.8995,145,4000,4000,682683,022f25f8d872e821f26fdc3a782b67f3da4ff3c4e2e1c6bdbe7df647d412825d,False,71208
Ball_rec0710.jpg,710,3.905,146,4000,4000,682049,450f2d3a0acf3ecd3351ec508a24311d8cbf3fff798f1439b9e7c821413a686a,False,70988
Ball_rec0711.jpg,711,3.9105,147,4000,4000,681339,891c87ad61a66ce13abbc0a1c3767971e86ae8a2345fe2dee12b80b39d80c472,False,70784
Ball_rec0712.jpg,712,3.916,148,4000,4000,680223,fed7a6364e52faf40d306cb786090c66e6799b9e24632610c4c12dd6a123e7aa,False,70635
Ball_rec0713.jpg,713,3.9215,149,4000,4000,679140,9891326663b98c5f1950a367d865c296470d7ddc7403079b953335fc31a7b082,False,70482
Ball_rec0714.jpg,714,3.927,150,4000,4000,677848,883133b5c9deff4e84fd7a68207f5cde3033631d99a91cb7fbff5e9dc29902de,False,70339
Ball_rec0715.jpg,715,3.9325,151,4000,4000,676717,e02e1135e8426c2a2cc9264ef2141660255524d3b7c77f3d5332e59c9e41a159,False,70198
Ball_rec0716.jpg,716,3.938,152,4000,4000,675672,d7e8b6ba640fbb5ad6f2615b4c6b90126bb1bb110e4008fa8a9b07717b99e95e,False,70074
Ball_rec0717.jpg,717,3.9435,153,4000,4000,673970,2fc37b29fc4a6a4f61c0d0571922483620341888a64eedbf5ce1b57b700a51a2,False,69930
Ball_rec0718.jpg,718,3.949,154,4000,4000,673304,c62e125fbb4f62ef9910dbdcfb47542e9c660ee2572edbd02836bcc334c9a92a,False,69806
Ball_rec0719.jpg,719,3.9545,155,4000,4000,672612,53f44ffe7c3ac77de9d8d4af04649bf9292821f085899f7f92c8381d02d1788e,False,69695
Ball_rec0720.jpg,720,3.96,156,4000,4000,671171,3c4b336abc78f9d05068d3f03e9f8d809fe09ab6b415d8841e80e216ba6045d0,False,69579
Ball_rec0721.jpg,721,3.9655,157,4000,4000,670847,30d407c8c01246530ff0385d8edcdb06898f4a2cf9fa78788b1e89888b5f9224,False,69452
Ball_rec0722.jpg,722,3.971,158,4000,4000,670581,0c0a4b671322131fd0f08eaeef49542e08312b2d6bbce1d0f4281953d281eb96,False,69286
Ball_rec0723.jpg,723,3.9765,159,4000,4000,671034,fcf3e387866f42279f9265131d2d338181a4754a87583b84b60c053f03fda980,False,69132
Ball_rec0724.jpg,724,3.982,160,4000,4000,670320,1509aae42e9b92dd5713cb5360f4159a9c096484b73f7ea954cf2e4df9fb8a74,False,68948
Ball_rec0725.jpg,725,3.9875,161,4000,4000,670482,22c5209d38bfe86cfdc52f877edb7133da85bda16e7c225dbdf641461c439e4c,False,68750
Ball_rec0726.jpg,726,3.993,162,4000,4000,671022,80820dfe632a50d1e51567f574ce9be848514ea8b8df71322817fbebf85f6a51,False,68524
Ball_rec0727.jpg,727,3.9985,163,4000,4000,670771,5d28069fd55e566eb41ae77b427ea293e3b029a668c4fd096002743ba054966c,False,68318
Ball_rec0728.jpg,728,4.004,164,4000,4000,670993,9fd436ad3b489af8a99338e39f6f19934fb1675a2455e7f7ebfe3f4884496df9,False,68097
Ball_rec0729.jpg,729,4.0095,165,4000,4000,671079,86de2e7f871a8bedb857eae9a680e7b73095b45c61b0d1cf5bb1175e463608b9,False,67923
Ball_rec0730.jpg,730,4.015,166,4000,4000,671234,0e7dd95463a0616821dd302f97d38354d22e7e404e93485feb6c04c99cd9cc9b,False,67751
Ball_rec0731.jpg,731,4.0205,167,4000,4000,671743,7571ef89f9d89b12d8e5f6b1f07b3717d210a906677e2bc665afca39bf4a441e,False,67568
Ball_rec0732.jpg,732,4.026,168,4000,4000,671915,1ecf80c8b08de1873081ae701c9d087d85538b09d5fd78cb8f92ac1540b8b342,False,67410
Ball_rec0733.jpg,733,4.0315,169,4000,4000,671815,ac021ef4776777689c865346e9c8b7356be43108c27d4ec6b16187675a604f64,False,67256
Ball_rec0734.jpg,734,4.037,170,4000,4000,671348,b0c1b7942d92afe8204754b25221c33b218b192d56f3172b30942790b3fa221d,False,67126
Ball_rec0735.jpg,735,4.0425,171,4000,4000,670907,9ce332c5b991abfaedac7ddc32087a23954278eacb9cb44b906d283bb1a6c7bc,False,67029
Ball_rec0736.jpg,736,4.048,172,4000,4000,670143,010ba24cfe28fd9da8d5232afe141d7d1178659eb921e23e9df10f65b0ab9eec,False,66922
Ball_rec0737.jpg,737,4.0535,173,4000,4000,668363,b29574971356d8ed714ad0f895cdf5a6b9b181257710d62674335019fbdc36c1,False,66811
Ball_rec0738.jpg,738,4.059,174,4000,4000,668108,f2e73bf9d3fc97712d6d66f3adac56de8db82d63854bd2073e5ae755001ea727,False,66707
Ball_rec0739.jpg,739,4.0645,175,4000,4000,667983,29d43d0a9b26da99a21e3d64ba0b435ae83c70be350fd7fcfb81fafe66623fb4,False,66570
Ball_rec0740.jpg,740,4.07,176,4000,4000,667529,e2dfcfcbf57ddf8ce4bfc31e476333f1ec0e99528f73a6f02e739837300c737d,False,66369
Ball_rec0741.jpg,741,4.0755,177,4000,4000,667077,17237b6c00fe74b6450bbd84c4ff4311825db7538b89f7d7e13defef62a0ad21,False,66174
Ball_rec0742.jpg,742,4.081,178,4000,4000,667584,991e2e4bbbb4f079505e74f8ca86f268f5f1605bfff0f70ad5663ceb4f841f37,False,66010
Ball_rec0743.jpg,743,4.0865,179,4000,4000,668700,eed7d0d6a325aecbb62cc08b4d54fb45eb842386539b5bd8f686816292416fe8,False,65804
Ball_rec0744.jpg,744,4.092,180,4000,4000,699841,a0d1dcde366b56570350f3443bc111de6f174cd10f186715fab4373bbc8e2716,False,65621
Ball_rec0745.jpg,745,4.0975,181,4000,4000,667563,7affbd149691ac7c1c97c63b489f365264373d20a4495d16ce4f73a46ea00b4d,False,65393
Ball_rec0746.jpg,746,4.103,182,4000,4000,666158,01be5ac0d0e7ef6343d01f9c6e80c5e9adaa8e9ef014eb9486a640199b9a5d2c,False,65204
Ball_rec0747.jpg,747,4.1085,183,4000,4000,664405,7fb6e180f8f5cb1be45bc176b12732bfb243972c5de7acfd312201d1b653e4f0,False,65034
Ball_rec0748.jpg,748,4.114,184,4000,4000,663612,8c7ae3c6f84428382395468cd469fad12a87f8d1ba760ddfeab3ea7bb8e9c5f6,False,64857
Ball_rec0749.jpg,749,4.1195,185,4000,4000,662768,67cc73f144aad8403cf7e939a7567b1aafa8155c68cf51d5ca88f59fe3672bf1,False,64713
Ball_rec0750.jpg,750,4.125,186,4000,4000,662885,d78869b54e3f85538bd776db494ea55beb36362a86ba538fbb18fe227799fc66,False,64549
Ball_rec0751.jpg,751,4.1305,187,4000,4000,661701,7c8c968c826648290fdd7507d73bac25de3c40133f92879b60b59cf1cb8fc5b1,False,64321
Ball_rec0752.jpg,752,4.136,188,4000,4000,661132,b9b4e0d977d10969a7a6d358e934386f27e2c80d16600236ca0d46b8ca4f158f,False,64254
Ball_rec0753.jpg,753,4.1415,189,4000,4000,660089,5965024c55c324822496007b9729d4dc30a41e3152d67cda8c61bf121d1dd1e1,False,64162
Ball_rec0755.jpg,755,4.1525,190,4000,4000,657794,44fb9a132d1181d9a3dd054fd10c5124a1b39cf58ccd49765adb539f1196b850,False,63954
Ball_rec0756.jpg,756,4.158,191,4000,4000,655752,8bd18c8fbd290598052077ad6c6aa683391c4d300bd6158be0ab4744d4d31394,False,63855
Ball_rec0757.jpg,757,4.1635,192,4000,4000,652789,7f29b8659d7b322e5f4da2cec59e09d4a28ea848a080fa8495ddfa4b6815e174,False,63722
Ball_rec0758.jpg,758,4.169,193,4000,4000,650321,c38d1d1f5af8b968dd464407a593d975064f6dfd52ec2dbd3cf7fe857ae3d3c4,False,63587
Ball_rec0759.jpg,759,4.1745,194,4000,4000,648016,9b3e246f6b73acbe7f8b032b8136020512129435a6690ef09a900dccae4ad7fa,False,63477
Ball_rec0760.jpg,760,4.18,195,4000,4000,646409,81ff1b4ac505f891efdc656a975eec85ff9026d18fa0cac424f89c1ce6a34bc9,False,63322
Ball_rec0761.jpg,761,4.1855,196,4000,4000,644422,7563fa718db9c31fdd887e75ce4d1a3e91e3d86a64ddd30be284447d54e48cd1,False,63214
Ball_rec0762.jpg,762,4.191,197,4000,4000,643286,cf54755fb5779a36c81d6c05c43df037b445bafc28c1558ccea6310350d39bdf,False,63095
Ball_rec0763.jpg,763,4.1965,198,4000,4000,642382,ec9dcfd5f1657f53518cb1fd8a25beac6d2583481fb8fcea5441a051ec40eea4,False,62965
Ball_rec0764.jpg,764,4.202,199,4000,4000,641179,94dd02fb1f9552581000a5e2e1996547017b8d647ee4aba9f022a23c97c33db7,False,62839
Ball_rec0765.jpg,765,4.2075,200,4000,4000,639967,4e182ed5ed713fcf4027403bfdae74871c338d6efb36e80826460e94fe5af24d,False,62668
Ball_rec0766.jpg,766,4.213,201,4000,4000,638754,7610a915ba937047b4626da6985e8a6d5dd14ede8e33f66d0e45e921b521425f,False,62451
Ball_rec0767.jpg,767,4.2185,202,4000,4000,636760,2890267d654ef92913bf29e7a30909d57c64eaec12954c0d0a1df184d120ff69,False,62361
Ball_rec0768.jpg,768,4.224,203,4000,4000,636059,740497aaa46b4d1fb7f0a25327f8142ac0ba488b1fc3f1e8539b7482ad8e7bc9,False,62255
Ball_rec0769.jpg,769,4.2295,204,4000,4000,634869,f3e30311a439f5d46fe64deffa8fa3e0d8b5d2fc83246a2ee5fac5edda2b95dd,False,62159
Ball_rec0770.jpg,770,4.235,205,4000,4000,633844,565797357c8c35079c4f07e9e78cd8976460e0084e43df06c0523221537979ba,False,62037
Ball_rec0771.jpg,771,4.2405,206,4000,4000,633008,04457471e6aa71f589be048f2ae625902e4666a0aca4c37accaf91d0c916bc87,False,61922
Ball_rec0772.jpg,772,4.246,207,4000,4000,632095,38f5449f49972a0da0dfa0e8a2d5ee56c0e168cc0a725ad47b9edd0ec041b0ee,False,61541
Ball_rec0773.jpg,773,4.2515,208,4000,4000,631368,fe856675dbfe8b49521563a5c2af70227be5ea036aea4c157642447bb95d2e81,False,61448
Ball_rec0774.jpg,774,4.257,209,4000,4000,630802,433be385ce7aef4b95622934bd2009200381e83dccc6f512cbbb103d530448eb,False,61337
Ball_rec0775.jpg,775,4.2625,210,4000,4000,630459,58f309236eb0f77e06abb6fb4510dcd9367cfa2780487ab2aaf8b55c66020824,False,61230
Ball_rec0776.jpg,776,4.268,211,4000,4000,629412,bf9df8e75ab51a236d85361c5d806fb74ff5d8029b7a0823ef8a5914e2c208c5,False,61104
Ball_rec0777.jpg,777,4.2735,212,4000,4000,628629,420f9250bf158f96bd9cc082aa965f510c358817cf2747e2ec4c394ccc3bdf58,False,60983
Ball_rec0778.jpg,778,4.279,213,4000,4000,628585,c17394ef9ac199588a182557c17929fa76efa2a5d11d70597e85a5acf0e74d04,False,60851
Ball_rec0779.jpg,779,4.2845,214,4000,4000,628047,352037b23df8ca52680e81b74077656e92c64bdbf1f6d2f9da957846a058bddd,False,60716
Ball_rec0780.jpg,780,4.29,215,4000,4000,627465,0ccdae641aac4dc2ef308cfe6956ab6c085a97cad77d8869fafca689502dcd0d,False,60573
Ball_rec0781.jpg,781,4.2955,216,4000,4000,626609,77698eb73172334d64b7bdf4e3194be6f6e71e6da79946afb0d860174f15754f,False,60285
Ball_rec0782.jpg,782,4.301,217,4000,4000,625514,b35eb67f72275ee69b7c56636be42a4be205a161c5517a6c6fb61dba3f508106,False,60199
Ball_rec0783.jpg,783,4.3065,218,4000,4000,625181,f3be6b0c2fbe3d9b99c63fde24c09f529a9a7b86ef1301f8c5adc086eed249d6,False,60103
Ball_rec0784.jpg,784,4.312,219,4000,4000,623840,8d3ef46d48d52789514517b85822490bc84f800d5e161b05ecc38fc59bb6d558,False,59996
Ball_rec0785.jpg,785,4.3175,220,4000,4000,622388,2cbe145cad4abaa416c918761078e72731d6701d690a9bac184b3cf6c76bf18d,False,59883
Ball_rec0786.jpg,786,4.323,221,4000,4000,621615,d65f5547a038b64f6a9269e91294ffade506dddb71817461ada213f4b0ad22b3,False,59769
Ball_rec0787.jpg,787,4.3285,222,4000,4000,620248,d3f78bc356ef402ccbabe69b5c64d6acb09c6285be7f3e098e67ae3d7c5828a9,False,59645
Ball_rec0788.jpg,788,4.334,223,4000,4000,619324,4fa03ef6857a1fcfaa706787eebc54a00d58ccfba7db13a53e54720a80667977,False,59496
Ball_rec0789.jpg,789,4.3395,224,4000,4000,618206,e85bcd1dc0adca11c6ea4120d18ede2d2b4125be0c73855e8a3f6818415f3f85,False,58952
Ball_rec0790.jpg,790,4.345,225,4000,4000,617528,2dd96cde93df53e52a9fde74d20bffc467c4846264bfe3865fbd5e5f9c08df2e,False,58839
Ball_rec0791.jpg,791,4.3505,226,4000,4000,616950,0a1c3c5e80c6a5c3ab2bf6372c06e51df713f8fe3035eb3ad0bc9f1b808c990f,False,58695
Ball_rec0792.jpg,792,4.356,227,4000,4000,616309,cae8ac80efe83ceef24d06d684f8f5bc03aecd804d1a505d730d5c7f39e40e45,False,58565
Ball_rec0793.jpg,793,4.3615,228,4000,4000,615813,f2d7708454f277e1d6569df133c9b0959d299a772e7ff959cff9fadb8cbb208e,False,58417
Ball_rec0794.jpg,794,4.367,229,4000,4000,614835,5963ddc4492cfc756c1b4c74fb9bab21003cec58f618799abd9d83a0e9e997f9,False,58279
Ball_rec0795.jpg,795,4.3725,230,4000,4000,716744,130d17706b07f5bd657598ea2100151f303b0c06e0f04ec40ae77e55fc839c49,False,58116
Ball_rec0796.jpg,796,4.378,231,4000,4000,716266,4277338dab3fb501bd09153c902fe203a020c5ba250082d53cd0dd3031c4cf68,False,57954
Ball_rec0797.jpg,797,4.3835,232,4000,4000,715720,91273965b0978f47fed9845839bf545f1cdb14a521c6d6b5d625296b71978e3c,False,57585
Ball_rec0798.jpg,798,4.389,233,4000,4000,714657,575df02db87e463204a1cdade78991d1adc54a4cb995dacc0c51f5a10f171074,False,57438
Ball_rec0799.jpg,799,4.3945,234,4000,4000,714697,11f1bf0ec717239958793a32c83bd195a9f29c00a17259dd405ae4e173d4c494,False,57305
Ball_rec0801.jpg,801,4.4055,235,4000,4000,715252,208ab15c38e6f513397bf0def4809ae154e9040aa7e5b7e6aa0eb9ebbdb0d36b,False,56497
Ball_rec0802.jpg,802,4.411,236,4000,4000,715074,f134a8c3524047777bab50c9fbf9ccc1ceb3df2c8e47b2adace6b89f65344229,False,56334
Ball_rec0803.jpg,803,4.4165,237,4000,4000,714853,9a69f5de862b5f7c806ff13e4d6434d14825869bcd0cc80e171a5b576b8331bb,False,56119
Ball_rec0804.jpg,804,4.422,238,4000,4000,715184,4f77a90b57dc6a320fa16ffced72e6e2675274ad64a1c4c9aab121dcc5e1860c,False,55304
Ball_rec0805.jpg,805,4.4275,239,4000,4000,714715,e5d529ac25828fa0f214ffebfbc973c3d6bf71a253f541c379e51d4f8a1e515a,False,52847
Ball_rec0806.jpg,806,4.433,240,4000,4000,715485,580f8b2f0d8564ef9825e92aebc4ada26544b65d8968ae50aa9f6cf4465c96b8,False,52805
Ball_rec0807.jpg,807,4.4385,241,4000,4000,714961,20810adef0f60cf049ed922a7cc70a6d24bf9e2ddca4e39b75a77fbe4b30e3ba,False,52781
Ball_rec0808.jpg,808,4.444,242,4000,4000,714602,81eb9f71e0437389e0ca1bb98f61c027a154da31fe9b19a93f793a2f3ce9b24a,False,52752
Ball_rec0809.jpg,809,4.4495,243,4000,4000,714238,347e509668c04e237fd10960c5b67470d6862c0817cccc2a7047fb3286d86fc0,False,52717
Ball_rec0810.jpg,810,4.455,244,4000,4000,713275,b0c11452a60ee191b4fbef66222d93c671f82d8039911a1318988836ba785cae,False,52700
Ball_rec0811.jpg,811,4.4605,245,4000,4000,712770,ff2b97694243f9a41fcbbce2425578bf7fe2830a93530ab2c9470962cf073ef2,False,52684
Ball_rec0812.jpg,812,4.466,246,4000,4000,712900,847f2d363222c1be72c8b42502889c01698449bbb174f87b3abcc89d5708215c,False,52669
Ball_rec0813.jpg,813,4.4715,247,4000,4000,712454,e076f5f1e8a063895a4f6f225cc18dab52da7181061058207a45a0aa21f92fc9,False,52657
Ball_rec0814.jpg,814,4.477,248,4000,4000,712052,3b38fbdd6b3695032344b9760f0bafdb901d5a7dfd5d3c3d867a498f4f0b0700,False,52634
Ball_rec0815.jpg,815,4.4825,249,4000,4000,712162,44b945321c1807c483e715568fb20f0b3969c81100a7d75d4a570e8e15117ef5,False,52629
Ball_rec1003.jpg,1003,5.5165,250,4000,4000,668462,641352962ff705bfea2d4b00a39f9e9c22ea196f5c5198c02f6e38d60d79725f,False,51812
Ball_rec1004.jpg,1004,5.522,251,4000,4000,668418,8729db66d2f6f9f55ec79b91f648f641f2813dc4222523ae88f5b72779901beb,False,51807
Ball_rec1005.jpg,1005,5.5275,252,4000,4000,668501,75fb6fb8bcab468bba86e73e75d5d1317f744fa7187b0963a93c81711d6030e0,False,51800
Ball_rec1006.jpg,1006,5.533,253,4000,4000,669119,9ef2330d2d361f20a1507f5ed33584b8a80b49fddb08a0cd9ee00fe489069bc4,False,51793
Ball_rec1007.jpg,1007,5.5385,254,4000,4000,670112,ab9078cd52be9b2dc899e45e55e1c830ff7b721fee7b1fa731dea9dde0f7b3c2,False,51783
Ball_rec1008.jpg,1008,5.544,255,4000,4000,670721,95254f8393df603396fbbab315b1386e0dbca9e3f0c22dfb0566cdf6ba0d15da,False,51774
Ball_rec1009.jpg,1009,5.5495,256,4000,4000,671011,9df83791134ea6003c76932da9f77f5f7ac81231f771e46fae922fbbf5975a28,False,51780
Ball_rec1010.jpg,1010,5.555,257,4000,4000,672187,a679cafadebe3a172f299f74aa82dc4c1029070c36d67ab0b1dac90d1b4f1f20,False,51756
Ball_rec1011.jpg,1011,5.5605,258,4000,4000,672909,1afad3e78e8bc2f010bd698f3f2f34ceff57b4dba659648cc22acee49bc5ece2,False,51740
Ball_rec1038.jpg,1038,5.709,259,4000,4000,672659,496d0aab8f253eceb89364b6a70d09d1e343b1ba0dac995bcb769b841ae745b6,False,51477
Ball_rec1039.jpg,1039,5.7145,260,4000,4000,672909,f24575cecdb4f0b81a2571622951e9bc8b751c9a6bbf93f66743e5b5dd36e183,False,51465
Ball_rec1040.jpg,1040,5.72,261,4000,4000,673168,4c691fcf6f7ff51076ea262de8e4c85e8ef60b6ed129c6b8a072f3db75c791e4,False,51447
Ball_rec1041.jpg,1041,5.7255,262,4000,4000,672917,6409ee6ea405a7e1af7251e8138d10e8cfd3964ed6a5783ae8a72bce18c67fe8,False,51440
Ball_rec1042.jpg,1042,5.731,263,4000,4000,672814,ce20b71994e51ca3dc3539e2b45eabdd2e49896e4d2f52a02deb92fdbb2d23b4,False,51416
Ball_rec1043.jpg,1043,5.7365,264,4000,4000,673238,1814250e913f17568ad56874f62448992df255c3bf9940e31a27bac1de9e1725,False,51413
Ball_rec1044.jpg,1044,5.742,265,4000,4000,673486,4894461d212239c74342057ef5be7d0ea8911e525475894312fd70bd306d4e29,False,51403
Ball_rec1045.jpg,1045,5.7475,266,4000,4000,672927,2857fbc9e4d8c35e93214c35fa071e36bb91692acf7a35bd409c1d139db7a102,False,51387
Ball_rec1046.jpg,1046,5.753,267,4000,4000,673898,ea635e0b4c018a4232fb0dadd8c28e88d11e794eff25bc74ebf1426498004ebc,False,51371
Ball_rec1047.jpg,1047,5.7585,268,4000,4000,673878,1e5e65035844ca3bf67c2ccfb6a067f131b5308107e90ecf6e054b1672a19822,False,51364
Ball_rec1048.jpg,1048,5.764,269,4000,4000,676498,404550b60911ec1f44abfca42578c9df6b2689bc657919ec6136542664c18bf2,False,51349
Ball_rec1049.jpg,1049,5.7695,270,4000,4000,701341,1b1fae4fa80057d134cd5cac80109ca15107aa781f0f8bbfb1263528bd9bf3c7,False,51327
Ball_rec1050.jpg,1050,5.775,271,4000,4000,676258,94ed82c9bcd2c8b26c12eae908df662b070e9ea87f6b528e5de346cb5ab7ec48,False,51301
Ball_rec1051.jpg,1051,5.7805,272,4000,4000,675620,2d686af08b3b040e3e4498b74a61017c9e1b2efe5b5568a0c07b4237bb0458f6,False,51302
Ball_rec1052.jpg,1052,5.786,273,4000,4000,675476,e1fa0b7d0f9fde28dd419544832cf4de76baaf8ea5c3c7ba20366e8d1bc97871,False,51293
Ball_rec1053.jpg,1053,5.7915,274,4000,4000,676622,3c5e28d217a89d5cd393d6807f371f4ef344a2c7b60324f10b9953dec623f418,False,51272
Ball_rec1054.jpg,1054,5.797,275,4000,4000,677156,85b530f895743c194fa4e799d7814ae692e16173658695c72bc21569f187f686,False,51267
Ball_rec1055.jpg,1055,5.8025,276,4000,4000,677622,8446efd041f16520b7bb866c5b1388dc9ef44fe0146c56fae2fd0c6d5a776095,False,51252
Ball_rec1056.jpg,1056,5.808,277,4000,4000,678380,c739519716990ae91a39e28209c1634fbb9e88bd6cda589bc0df6f378a8d4fa1,False,51236
Ball_rec1057.jpg,1057,5.8135,278,4000,4000,679015,cdd5955c55bbf4dcd6b00ed83332f35071431a69f56b6314f1458e77e198d30b,False,51235
Ball_rec1058.jpg,1058,5.819,279,4000,4000,679120,61fe6a85ff8f6b4d46176a89694e9c9c9d92a112993f4b3447a386a2faeda08b,False,51217
Ball_rec1059.jpg,1059,5.8245,280,4000,4000,678961,37c2ec0112c5a4fd6189e035b4d7eeca5a86cdb4ba66a797367c648e3aca5798,False,51200
Ball_rec1060.jpg,1060,5.83,281,4000,4000,678439,2fee1bbc6eb1a1faf67fce5ad75c07e38224c20b064fc0313020ae5409a86211,False,51190
Ball_rec1061.jpg,1061,5.8355,282,4000,4000,676653,cc4ccd196df0e3e3ebe6aecef01280cd2dec2ec8939861aaf42b443a1e885fd1,False,51168
Ball_rec1062.jpg,1062,5.841,283,4000,4000,674857,e3f292b84ca8e1bcb0dd30822a0e3e8f143c1568bb1abf8d3b6d3a0794b69645,False,51155
Ball_rec1063.jpg,1063,5.8465,284,4000,4000,673406,5d1d45c973aac78f4d18f3fbb9e416fac259167bbf0bd1afde37f73a95cc418d,False,51138
Ball_rec1064.jpg,1064,5.852,285,4000,4000,672908,17dd0682ab98f41d7fd9fb920165a27ffd0e148b378aab10eab230d07e5bc3fc,False,51128
Ball_rec1065.jpg,1065,5.8575,286,4000,4000,671746,9d73a1ec637e8b527f17c97c9976514fa108531ed7ea2085906ddb553c59ae32,False,51107
Ball_rec1066.jpg,1066,5.863,287,4000,4000,670627,6c9e84af41b2959a1a65352a419d38c5ac929c3038511cd2345c3be848643132,False,51097
Ball_rec1067.jpg,1067,5.8685,288,4000,4000,669365,9ba5f4e01ccd4b0ed2656d2fc8d7ca3a10063a5f81e54fc82df2b29666cc8c82,False,51084
Ball_rec1068.jpg,1068,5.874,289,4000,4000,669586,dd776d48ca1b02b2d52fdeed78b5891af7b3f24139e647494d670813a7c112d2,False,51066
Ball_rec1069.jpg,1069,5.8795,290,4000,4000,669148,5c806fc2da423af26fe9e2fd9eff38b610c4b19a9754f2cad45ff86f49d4c736,False,51056
Ball_rec1070.jpg,1070,5.885,291,4000,4000,668829,6f62ef07cd47538e9f848466d1622c1c18c106dbf04ed6b55a1a27537daaa95a,False,51056
Ball_rec1071.jpg,1071,5.8905,292,4000,4000,668606,4ec47b48a913400658201f647101397575bd75866ad4bf9c13ff3353c0f560d6,False,51039
Ball_rec1072.jpg,1072,5.896,293,4000,4000,668228,65375a70f956e2770372e4be8cfa480a6ab1492755c7ac7e77a46e4b7a9f813e,False,51036
Ball_rec1073.jpg,1073,5.9015,294,4000,4000,668663,4dffb20489b033ac48ec4428a9e189f504de1ba0d910b466cabdd978313bd532,False,51028
Ball_rec1074.jpg,1074,5.907,295,4000,4000,668767,bb5f66a85cfa4f469e950a9209e6247bc51bec2018f0d8b02decc34361edced6,False,51011
Ball_rec1075.jpg,1075,5.9125,296,4000,4000,669203,a78b9766f7ebb4ee28b66862d20c3b44d699eed9d57b19037f7f930967f32467,False,50999
Ball_rec1076.jpg,1076,5.918,297,4000,4000,669044,e1d8876976476156b9210ccb56f75d09ccb86177e0c93971ecf5254719ad59ee,False,50987
Ball_rec1077.jpg,1077,5.9235,298,4000,4000,668370,9826ec36a8c083e3da7f64134c56224ea2a826d11276c7dc591d18411833b0a2,False,50967
Ball_rec1078.jpg,1078,5.929,299,4000,4000,668543,3fae2514a5b8102989bbb32c12e6a912b124a12765f406e86802b5daf0e24def,False,50957
Ball_rec1079.jpg,1079,5.9345,300,4000,4000,668978,b77d338f99c2d98abdeb50ed60022767270adb43b1866558817fceb55c433ef3,False,50945
Ball_rec1080.jpg,1080,5.94,301,4000,4000,667848,ecbc2a0dbf0618128f9ea38c565a6f3460d5f51d1aad92bd5a1e725bfee20a45,False,50937
Ball_rec1081.jpg,1081,5.9455,302,4000,4000,668077,dcc81a53a5d4a024031f71ef3a73bfb0af219d08a5c097e8b64c9233339a3c84,False,50927
Ball_rec1082.jpg,1082,5.951,303,4000,4000,668820,8634f42c1079250440c6966963e7ac703865fd63c226e38bc4833d82e26d16ed,False,50920
Ball_rec1083.jpg,1083,5.9565,304,4000,4000,668290,9f5cfa79d91d1d891e2b0979b7d32c79ba45b4bc65e585c66f7957ac325ff404,False,50905
Ball_rec1084.jpg,1084,5.962,305,4000,4000,668697,154f3a8e7135a4bc5c965816f30bf252ebc4e6c0d43e68be0992ae077d54d965,False,50890
Ball_rec1085.jpg,1085,5.9675,306,4000,4000,668496,65abf1e9bccdba0b5d14042ed69be842721ba8ad06470dce9a570bca9f3aabb4,False,50880
Ball_rec1086.jpg,1086,5.973,307,4000,4000,668436,c0ae4409f15673631d9d3f8b502c7b2c3705c443a130a06c6624073b07b0596e,False,50875
Ball_rec1087.jpg,1087,5.9785,308,4000,4000,668371,39e98b137eaefe0bb5d028df85ef517860025849cd0a1d655581b4b75526414f,False,50861
Ball_rec1088.jpg,1088,5.984,309,4000,4000,668484,02bffaec194db34de27752accd35c2792a9519aa3dc3156b6460fed166fbf2d6,False,50866
Ball_rec1089.jpg,1089,5.9895,310,4000,4000,668114,c71accedfdba5ca9d0d75b88211dac3d92373d684fff6da8288f93b5ba23ac6b,False,50848
Ball_rec1090.jpg,1090,5.995,311,4000,4000,669001,7bd2b8ee546f6edad65ee5ab4ce08833993292712ec530d70ef4b541a8746dea,False,50850
Ball_rec1091.jpg,1091,6.0005,312,4000,4000,669081,88a8acb1cff87613740039e22a885b14f55a5b76e3c8758ff59bf4baebfdf389,False,50846
Ball_rec1092.jpg,1092,6.006,313,4000,4000,669296,812767188a9269763ed7233f4a390e374586c6c624bbe37c8e2461b226ae1029,False,50835
Ball_rec1093.jpg,1093,6.0115,314,4000,4000,669677,a5567bd0f46665ea01785176ab347f70bd50eb36e2d9da50d555eed8f36544e4,False,50819
Ball_rec1094.jpg,1094,6.017,315,4000,4000,669723,ee678e346db5f7630d1d12c46e9901a6c232adbbf026e4add70d1db87edd9d7d,False,50814
Ball_rec1095.jpg,1095,6.0225,316,4000,4000,669648,7f04a873ba68a5cdef75d8322ab0ebd4135a04bc4885186233b97d298565ce7c,False,50803
Ball_rec1096.jpg,1096,6.028,317,4000,4000,670308,21e4863349b38a0e3e65e22faa9c5dc14e824fbcda95fd7952793c1afd009bc9,False,50804
Ball_rec1097.jpg,1097,6.0335,318,4000,4000,670312,d9d90e063a48b0fb0a144a88dad107c093a3d50b544675c3177ff45e829185c6,False,50788
Ball_rec1098.jpg,1098,6.039,319,4000,4000,670258,b61977fb570854cbabee19916dc58926f93647858b2718211ae68692c9f34a02,False,50789
Ball_rec1099.jpg,1099,6.0445,320,4000,4000,670174,21203e253c022b438b63b54cae50dc1f705504c215a5f33645007d7f772ecea1,False,50779
Ball_rec1100.jpg,1100,6.05,321,4000,4000,670233,cc632d001403cbca3f41f2fe05aeb0769b410e5b520d5406f9de76560fdc2b70,False,50776
Ball_rec1101.jpg,1101,6.0555,322,4000,4000,670144,77e5a0d96b0389714361da9ed465d3b82353ed30338eea1dda9dd716b53749c7,False,50763
Ball_rec1102.jpg,1102,6.061,323,4000,4000,669801,23b088680eafaa615f5387f754277a69df0f2dc2e2e9d15d8fd5bd80c8ff4fd7,False,50757
Ball_rec1103.jpg,1103,6.0665,324,4000,4000,669804,8bb5745b6127e8f33fcce5df4c68215f292352660fb0f9a2b5362054c48b3f49,False,50750
Ball_rec1104.jpg,1104,6.072,325,4000,4000,670387,f43092cbc55af564ad3b06e12735de28cdf54ce0234cda9b3a9e99ca35fcf67a,False,50740
Ball_rec1105.jpg,1105,6.0775,326,4000,4000,669603,021eb28c4729e5c64b1cafda80a8dc517cdbdf647e21bde7841df4bfda0339b6,False,50741
Ball_rec1106.jpg,1106,6.083,327,4000,4000,669467,c387d9ae5da5d21e4ab042871c468235f13b4142230fd2c95a8ce8077f03652d,False,50747
Ball_rec1107.jpg,1107,6.0885,328,4000,4000,668902,076d28f70d8b3d1c2a44730d90269d29a86bdd0a49232384204e56d979d212e9,False,50742
Ball_rec1108.jpg,1108,6.094,329,4000,4000,669096,8d6b9b8ee405caa47f7bb3563c5869894a969b65eec8eaf6613c3935a0434d45,False,50745
Ball_rec1109.jpg,1109,6.0995,330,4000,4000,668988,9b4f87747ef285c2495849ec4008acfd469ee354246d1fd69bd87cd9dc3c18b8,False,50742
Ball_rec1110.jpg,1110,6.105,331,4000,4000,668573,d419fe02a174c0c7f5bac156a241a2eda94bb7fa39f72302a9fbc1f15b37c004,False,50742
Ball_rec1111.jpg,1111,6.1105,332,4000,4000,668708,3b23fd398f96fa3a267e437d7b453ccf2ba7ec0843cefb3419398f3cf98ad743,False,50728
Ball_rec1112.jpg,1112,6.116,333,4000,4000,668666,8a34bea6e14828a3778f9e5506d7413cd23884974d8a5a81fde11df4a663b9a0,False,50726
Ball_rec1113.jpg,1113,6.1215,334,4000,4000,667995,908352c874bb656160e436f8c84573e988afe8d1dde5f5dff1f463655d642142,False,50721
Ball_rec1114.jpg,1114,6.127,335,4000,4000,668168,24e0a8793249a00d06327ddcab62752ea4cf547b4f304d9280e8889f958f9e36,False,50711
Ball_rec1115.jpg,1115,6.1325,336,4000,4000,667747,108b2b95e1b5c0edc175fce460f546f20c70ffe4a9888858c9ddc3fec90b38d8,False,50715
Ball_rec1116.jpg,1116,6.138,337,4000,4000,667378,071c3ff20a2293f92bb22b6e0c405d9b9980d10f74255fa27334cd31f736d941,False,50708
Ball_rec1117.jpg,1117,6.1435,338,4000,4000,667218,09334057028a567a480f40f3c38a1f433c84ea372dd35d2d393ced591caac877,False,50706
Ball_rec1118.jpg,1118,6.149,339,4000,4000,667509,31798fec01db23bdcd4a7120e4c8c1b5f0b24747a5088bd3a8804a480449e838,False,50699
Ball_rec1119.jpg,1119,6.1545,340,4000,4000,667493,94dbbf2c1fa7547de906ca25f0934fdd115bd24a30d0984c17c52b0c10e69fbb,False,50695
Ball_rec1120.jpg,1120,6.16,341,4000,4000,668005,1f8ded05be65b747e4fb5b3d9ac914cfdee5fa115d1fb3bdf15eab67c225452b,False,50699
Ball_rec1121.jpg,1121,6.1655,342,4000,4000,667811,ad273fc0bd584835557e01dbba62fde191d67ed2254bcaee91f563ed1793091b,False,50699
Ball_rec1122.jpg,1122,6.171,343,4000,4000,668615,f9a95278ff41402d0a26eef84e8c7f4a8fc8a54fa8d9b23a2bccbcceee4c66a7,False,50695
Ball_rec1123.jpg,1123,6.1765,344,4000,4000,669067,675e0bb504a0848ec8c2ed0db1ad2e567b643d7dc9efab55e621b359d746aa90,False,50693
Ball_rec1124.jpg,1124,6.182,345,4000,4000,669164,d334082d7af0adb3f84e0c57584a8eed6d7a3ab6790facf30d2e5c20fb63a7fb,False,50688
Ball_rec1125.jpg,1125,6.1875,346,4000,4000,669640,ac91f5012cc5c6bfd54957acea12664e762b61d024c2970549b269f22251102f,False,50689
Ball_rec1126.jpg,1126,6.193,347,4000,4000,670376,81a5aac7ad39892dc9f310c21ee591893ab7209b8fc56353662ee072b33333c9,False,50692
Ball_rec1127.jpg,1127,6.1985,348,4000,4000,671594,7f284b87c021c0f53dd1f7521665e5f1f7180ba80691558d82fb4ab63d0ed031,False,50686
Ball_rec1128.jpg,1128,6.204,349,4000,4000,672677,c423231392adbd88d8b955ac25ddc07e024d84e99dca737ac69de300ee62cee7,False,50693
Ball_rec1129.jpg,1129,6.2095,350,4000,4000,673404,8920b85a9d1924b46e4aab364b8704f47dcb23efa856bd0dd644f44212cf09f7,False,50687
Ball_rec1130.jpg,1130,6.215,351,4000,4000,673405,b9d4109b09c2d946ef02a6c55b01c502d77bd44b5a1f541dba7df8e0b6501447,False,50686
Ball_rec1131.jpg,1131,6.2205,352,4000,4000,673286,4cc24a192ea91429a58fcd8f753b80d76850b58e78dc59dcb9138f6ae8561fd7,False,50678
Ball_rec1132.jpg,1132,6.226,353,4000,4000,673475,3678a538552ef181337d2822b6a857c7a26cdaf0cc9e9890adf411dd104b944c,False,50674
Ball_rec1133.jpg,1133,6.2315,354,4000,4000,673524,7e09ea160fa160a4d4f50864fbf90ffb17293f8b4c730e09bc0414c59252d49a,False,50673
Ball_rec1134.jpg,1134,6.237,355,4000,4000,674224,c7cdc58d45dfff94a75477bcca371d4f5b0b6ab7337fb12a02810e7080ea3a3e,False,50668
Ball_rec1135.jpg,1135,6.2425,356,4000,4000,672980,ce19cfa99ccf2031924cf3b4ce32d9a9c3717733c4f8be8992992319d1ef8316,False,50668
Ball_rec1136.jpg,1136,6.248,357,4000,4000,673283,f797cd835250685743b1e0b3670da771ddf00482f423adca41b2737c608ced66,False,50686
Ball_rec1137.jpg,1137,6.2535,358,4000,4000,673534,66bbfb76c1ebfbba5465f3f6aa0f1637979cd508cfbb1986ea4523b6b1fc4c03,False,50684
Ball_rec1138.jpg,1138,6.259,359,4000,4000,674778,4aaf67335d5ace0126b868214c2a3e431b1cbd20366ceee8a053a497bead687c,False,50687
Ball_rec1139.jpg,1139,6.2645,360,4000,4000,702473,2ce324537643ac7555eabfb25c83fef279e6a7bc8d9033f2257969360c755e26,True,50673
Ball_rec1140.jpg,1140,6.27,361,4000,4000,674414,ec98708c44757583f39732a2fda631dd92617936f62586e3e487f3557c325b86,False,50684
Ball_rec1141.jpg,1141,6.2755,362,4000,4000,674015,b71ae3aa2f9e1a410829b318f2d323a157cb7be84439fb5d175c8022384ff888,False,50681
Ball_rec1142.jpg,1142,6.281,363,4000,4000,673735,e2bbb6d059e7ac39c97f3939d43f90e6d888bf23a2ff30ade44cdec092ce86a6,False,50675
Ball_rec1143.jpg,1143,6.2865,364,4000,4000,674271,762a3742013467ede25097e98f91db45dd27cff1b365021a5d3e01867ea22d0d,False,50679
Ball_rec1144.jpg,1144,6.292,365,4000,4000,674452,053066e7a40d6037acbbc97203ee6e1d00c7227f8f51f6d87396573bdcaf11db,False,50673
Ball_rec1145.jpg,1145,6.2975,366,4000,4000,674615,da81fb11658434a1401882e627b672221eceda3dbbbbe7ae073f8f7b9fd9e718,False,50687
Ball_rec1146.jpg,1146,6.303,367,4000,4000,675399,1b000d36de17ae2a92803c3426766260e7dac72c49ce81d27846820cc896c79b,False,50689
Ball_rec1147.jpg,1147,6.3085,368,4000,4000,675516,be95147b1843272b936a4f5939144d3303b9d4ccd3b2fdd338a0527396e4db74,False,50697
Ball_rec1148.jpg,1148,6.314,369,4000,4000,675480,ea6f211d937a71f3f984a64fea930910557391212263ae6c3de56da0f05d3f16,False,50697
Ball_rec1149.jpg,1149,6.3195,370,4000,4000,674457,28c080980c25fb554240415406acaff6f0781e897e5bb88243e22f5ede0eae20,False,50700
Ball_rec1150.jpg,1150,6.325,371,4000,4000,673663,9e331b091e270f9b1b2e6781dda343ff6dcb0e4116bc56f20316010bcbda17f4,False,50702
Ball_rec1151.jpg,1151,6.3305,372,4000,4000,671978,42366f065306fbe364f08f14b01107eb20cda3909317e069d49cbbec6f835ccc,False,50703
Ball_rec1152.jpg,1152,6.336,373,4000,4000,670549,18000acd2bbee1155ba27319b940014e5b3a70eb0b34ae5aaa1aba12d836a1f9,False,50702
Ball_rec1153.jpg,1153,6.3415,374,4000,4000,668924,e124eeca262832837091ecd9ce3efe6bc3d7aeed0c3b6d0820db31bed9b09fb7,False,50706
Ball_rec1154.jpg,1154,6.347,375,4000,4000,667935,c1f4f614ec6a748fb52c7b0a6e20404ccdddc1f177907ea3da584e7d45310537,False,50723
Ball_rec1155.jpg,1155,6.3525,376,4000,4000,667081,dc5303b62c05e444ba72361ddf0267dd0f6ce2f82cf18d61d88963917c788a51,False,50710
Ball_rec1156.jpg,1156,6.358,377,4000,4000,666061,4b427cf317eb4aaa4a587fd67f1b219aaf41cd0f0cb70b08dd9602efab463d8c,False,50712
Ball_rec1157.jpg,1157,6.3635,378,4000,4000,664792,bf0c3d2eb34a9c106b94974e082bef4a371b49a886592a7c2e6a14b003fae2c9,False,50696
Ball_rec1158.jpg,1158,6.369,379,4000,4000,664779,2375855d74a4e6d1ac4708444eccb30f08053ecce6ced041d011d623de8a647a,False,50701
Ball_rec1159.jpg,1159,6.3745,380,4000,4000,664705,81106f3877d6048864422c387107ddc82e0dc00d557ca19fe55088ff137890f5,False,50710
Ball_rec1160.jpg,1160,6.38,381,4000,4000,664017,6a9e4194259946a96722e1f30036ce05b78aa40d81303602cf0857aba82110d9,False,50701
Ball_rec1161.jpg,1161,6.3855,382,4000,4000,663839,793e93d85cdad8800b82856d76676fe189c2297e84037a5086f6eeec0b70402d,False,50702
Ball_rec1162.jpg,1162,6.391,383,4000,4000,663737,e97f634f9de17cb904111837fe3633942d1267653b4c94181e65153eec7f3627,False,50716
Ball_rec1163.jpg,1163,6.3965,384,4000,4000,663469,62fe32a17bc5c318e22da4d21209cc0e7cbf3aa8691c60ba077ae23586e71658,False,50719
Ball_rec1164.jpg,1164,6.402,385,4000,4000,663411,9241a48248212fdcf9a548b4596468ced06915ffb64ef81a53ae8d4593a6e329,False,50722
Ball_rec1165.jpg,1165,6.4075,386,4000,4000,663386,e6c5dcfcce560a6c31e59fa0181c1bf6ae6ae370d18ab7565e84da5ef90fa18b,False,50716
Ball_rec1166.jpg,1166,6.413,387,4000,4000,663507,a41d10b082fc1bf42a37c75c189aaf3ada5fdb93a7f0de8646318e6e43b382af,False,50721
Ball_rec1167.jpg,1167,6.4185,388,4000,4000,663229,8b8ea6912ff2ed097a0a33f87c653452bd28ba1496f144d322e8f59df665b23d,False,50717
Ball_rec1168.jpg,1168,6.424,389,4000,4000,663219,1feafd770605898afdb293a9f7e1fbbfe70b31c72efdb5ef24a879dad531784e,False,50725
Ball_rec1169.jpg,1169,6.4295,390,4000,4000,662920,6a8aef436e2d878272783a6a4b2d18f4d6161a453ad0b9d87d13f077013ab453,False,50724
Ball_rec1170.jpg,1170,6.435,391,4000,4000,662520,9b70fcbb9024c5e613cd2dfa37be427f4efea9472d1244bcce8f76ca8cec713b,False,50723
Ball_rec1171.jpg,1171,6.4405,392,4000,4000,662653,2dcf4bfae7dbafc135373a6b0a39763d9ae32c74f2db088845698bc58653f540,False,50723
Ball_rec1217.jpg,1217,6.6935,393,4000,4000,662219,6a9a3db96885347dfd8fc01db630ef58b11b1c557e950874e8c6fb512dc47a70,False,50652
Ball_rec1218.jpg,1218,6.699,394,4000,4000,662110,33bd54537df5f3b38d0511c2f116857f4eb4777c47e4504f0aa7f3a60423f8a5,False,50654
Ball_rec1219.jpg,1219,6.7045,395,4000,4000,662386,1e7085e90669ee51f9b0d35ac41b3bc50a74b88fa7d0b4061b9b28be20450edb,False,50647
Ball_rec1220.jpg,1220,6.71,396,4000,4000,662139,d7b6c7aa8f3067ee4772bd761b3d04fe5d1386a5e04e24f0b4a4dcd0b42d9a07,False,50650
Ball_rec1221.jpg,1221,6.7155,397,4000,4000,661891,d36f2b32a85b1218ca1919970e846dda1f9549c5d981b40bb372960a39c120e2,False,50658
Ball_rec1222.jpg,1222,6.721,398,4000,4000,662713,9e2d8d25f019b20296f46a72db2c4e84ee09fc5305c8e4375952ae41c49f44b5,False,50653
Ball_rec1223.jpg,1223,6.7265,399,4000,4000,662826,c00b1eb32e0c87fbd459b7ae702ba4abdecb2d4f502023739382948d70a412ce,False,50646
Ball_rec1224.jpg,1224,6.732,400,4000,4000,663008,51d31a76011352500fe50e0b27a49f7578fe4e79bb2c7bf54e89c2cbe564db04,False,50636
Ball_rec1225.jpg,1225,6.7375,401,4000,4000,663464,fe2ffd6c2b7369e3aba2bc522ededbe266f24961671fa79c3b7e5ddb391a16bc,False,50633
Ball_rec1226.jpg,1226,6.743,402,4000,4000,663478,c714f6dd5addff7a0cf8ba8a2dcec4af6eecdf70f68df5397f281224ed12cc83,False,50600
Ball_rec1227.jpg,1227,6.7485,403,4000,4000,664167,e0a97e9614674e561e9750e1d40d8993898b1aa468d140ee39d397f261a7d118,False,50575
Ball_rec1228.jpg,1228,6.754,404,4000,4000,664482,7d933f4f773dbf1f6d2de526b13e80b0a2861dfd490c34aad3cb8ee0eae15dd0,False,50548
Ball_rec1229.jpg,1229,6.7595,405,4000,4000,664230,e9c182f6d6f2ef38289fc9f4b5d5e4e81be049c97c9e5b97231323c6e8541899,False,50523
Ball_rec1230.jpg,1230,6.765,406,4000,4000,664062,352c20e2663a97114ce65acafbc2b57f62c05b7eb1dea5a937d0aec87867f97a,False,50487
Ball_rec1231.jpg,1231,6.7705,407,4000,4000,663655,0e09b7666a7b37416c30a96cd3cb1978a2fa31f253a5134b063e6bec52145f95,False,50460
Ball_rec1232.jpg,1232,6.776,408,4000,4000,663729,975ca8f8eaf5c36165f8b7d333fc36db6dac74efc9cfa2a6265a782599889568,False,50401
Ball_rec1233.jpg,1233,6.7815,409,4000,4000,662970,3ab80ef2f925782fe552b53a82bf7e2d3c665540289a2ab1f19e52802bdb4f93,False,50336
Ball_rec1234.jpg,1234,6.787,410,4000,4000,663018,0a56e324c73ad356915975796df6d7a96a6aa94ca5db370fef86a619031cec05,False,50309
Ball_rec1235.jpg,1235,6.7925,411,4000,4000,663404,4cb1254ea5ea8b865eee0ded54b370dabd10c85f8ab3361e9e85c184218fe75b,False,50262
Ball_rec1236.jpg,1236,6.798,412,4000,4000,663472,ffc72c277db9b9bb441b39af6962f985574d6508c53311efaa3082c1111e9a5e,False,50197
Ball_rec1237.jpg,1237,6.8035,413,4000,4000,662981,02687afe11f87f8fd3f6121104a91d65a5ae3d83aa72bbb3943559de6f2bdc64,False,50144
Ball_rec1238.jpg,1238,6.809,414,4000,4000,663139,db9085288ae2d476c24305d1f36c0a5a4688462629e0d9a287d8ca656c9f23e5,False,50089
Ball_rec1239.jpg,1239,6.8145,415,4000,4000,663873,cf35be54a1bf925bf1af0645936c8d70146f263fa280149d007e982cb30f18a7,False,50038
Ball_rec1240.jpg,1240,6.82,416,4000,4000,663227,62968dd075a8276c4ffd65b3089909b53bd97f8cefe734930fb54bdb5855ed33,False,50014
Ball_rec1241.jpg,1241,6.8255,417,4000,4000,662773,dbe04dea3131df5bc03d7874c2f6b960dbdb30bf446058ccddb7aeb404814af5,False,49967
Ball_rec1242.jpg,1242,6.831,418,4000,4000,662877,5b829e4a7ce2b9dd29555e6a997bfb1070781532f4a72117f89d8c1291f7428f,False,49947
Ball_rec1243.jpg,1243,6.8365,419,4000,4000,663058,afea9c13ef52774732735a8b2dcc748a9f875615572587d908870860a81fcc54,False,49932
Ball_rec1244.jpg,1244,6.842,420,4000,4000,663674,f00c0691cfbff80816a283db2b38fba42fe070f7611a31f4ffe2d7398bdb8a0b,False,49932
Ball_rec1245.jpg,1245,6.8475,421,4000,4000,663906,d913f39e2a0f600edcd6dc069a6042cd7e0f710a2dd34b6bba2f3ed1b1bc7dab,False,49914
Ball_rec1246.jpg,1246,6.853,422,4000,4000,664007,f7b7c0bdce201a82965213fcf6b62c64f206b0ef50a76f8f86d57d71aa3a55b6,False,49914
Ball_rec1247.jpg,1247,6.8585,423,4000,4000,664320,a27ee1cf2d8f07d29db621e897e6f4e63b65fd573df0d50f6e6955ee17f364a8,False,49903
Ball_rec1248.jpg,1248,6.864,424,4000,4000,664384,d2237633a8826aaa2fd207bc4a206e7328b5a55c5c2615ffd947195830ca6cdc,False,49894
Ball_rec1249.jpg,1249,6.8695,425,4000,4000,663900,e855b272054fba52cfe768a51487a51113d7313fa944c771c11bb5ef879c7aa8,False,49883
Ball_rec1250.jpg,1250,6.875,426,4000,4000,663881,60ecf39b202d2bd151b6aae3d89e7cb62af0669224164cff0374c03b08d59193,False,49880
Ball_rec1251.jpg,1251,6.8805,427,4000,4000,664337,b69fd7c881dd4436393581a968163f31b326ab0c90b56bd11199ed18fa3f286f,False,49872
Ball_rec1252.jpg,1252,6.886,428,4000,4000,664508,b4962ae65e2cd0385a9a00c6b67cc9443f80b743176823f502636badd0ade1b3,False,49868
Ball_rec1253.jpg,1253,6.8915,429,4000,4000,664490,6c4f02199838fafdf90567146cb5aeac318cda197f9afe0d5a02572c4252ba0c,False,49862
Ball_rec1254.jpg,1254,6.897,430,4000,4000,664351,b06c1fb1c1f86f6b1ea5638b9b5fb785467a19c9bc016937013114c7773c745f,False,49853
Ball_rec1255.jpg,1255,6.9025,431,4000,4000,664013,eeff4c700bfbf04ad8679abc9d7938bb07920a129c4ed32a3d97d7370057e84b,False,49860
Ball_rec1256.jpg,1256,6.908,432,4000,4000,664425,654334eee9f8953bb49cd40a7388c419546908a62059107a02619857fe28792a,False,49851
Ball_rec1257.jpg,1257,6.9135,433,4000,4000,665095,633607d676185edeedbcb9d231fdcbca5763e6a14f809096a205e276e3e541d9,False,49850
Ball_rec1258.jpg,1258,6.919,434,4000,4000,665512,e60f16c523cac25053e296125b913044bccc8000dc9d5311ec2151cda83c6613,False,49826
Ball_rec1259.jpg,1259,6.9245,435,4000,4000,665838,e597013786394b24e90b557f29dc0778480be717b302adb312090e3bea52f0c0,False,49830
Ball_rec1260.jpg,1260,6.93,436,4000,4000,667056,f086a844ebbc53058f775872f63bdc7f5a1c0de7e91010a1c11413e93669b03a,False,49823
Ball_rec1261.jpg,1261,6.9355,437,4000,4000,667646,00caa79c50ccd0e5ba5fe7f09893a08dbd986662c39400485e9455b0fa9693da,False,49813
Ball_rec1262.jpg,1262,6.941,438,4000,4000,668257,8ed93da9147fb6ef31258681a8eef0fd17e0a274cc935069635d6e4734de0999,False,49800
Ball_rec1263.jpg,1263,6.9465,439,4000,4000,669308,45e80133f8015ca78290df9be7c13f02cd3cb9ac665c063172f7893f42188e91,False,49803
Ball_rec1264.jpg,1264,6.952,440,4000,4000,669677,de0bf2bdafe9bf9f23e771bbb139415498d17e806bc94e0f6831330d36af1c0e,False,49799
Ball_rec1265.jpg,1265,6.9575,441,4000,4000,670461,ccbc2c3416a38b5ec560ef053b45c79283d44c05173e816c0e681cf6069ba22a,False,49802
Ball_rec1266.jpg,1266,6.963,442,4000,4000,669495,0ec0b4c9ff245779c546bbe6515b15cc5be2f4cf4be5ffbb929fa66f8122cbb3,False,49792
Ball_rec1267.jpg,1267,6.9685,443,4000,4000,669278,7f324877bddb96083e01be2af99c745cec4a8c5a637004ddd61a38842e945198,False,49776
Ball_rec1268.jpg,1268,6.974,444,4000,4000,669409,9b51d0fb67224d201bf45e16c60c5bf9aa1b84e4dd2388e468e7a55cb7b54d05,False,49767
Ball_rec1269.jpg,1269,6.9795,445,4000,4000,669577,09c642dacfbfe022cf6eaab8849ab5a8cf9651d2ed17ab746aa881667705c03c,False,49760
Ball_rec1270.jpg,1270,6.985,446,4000,4000,668611,9230dd1b244e40d14325b27367c7063af3252949533a70aa6dda436bbc555aa8,False,49756
Ball_rec1271.jpg,1271,6.9905,447,4000,4000,669342,bc5179ed37deb65283880ce22d09de25181ee06af71b5443cd2d47bb2e2e6bb3,False,49762
Ball_rec1272.jpg,1272,6.996,448,4000,4000,669270,026a672609f4a15bbdb08455e6412387d322413dddce022f744d443b276eb2c5,False,49754
Ball_rec1273.jpg,1273,7.0015,449,4000,4000,671173,af7f86555f9f3815d68d1f9f370229f380e55f1d9acb25679f551b00ee531b8c,False,49755
Ball_rec1274.jpg,1274,7.007,450,4000,4000,696737,e72fa4f27f0011052009e65e5681e32f8d2604af86922b1d1f3cb6ff6eed9b3b,False,49766
Ball_rec1275.jpg,1275,7.0125,451,4000,4000,670817,c404be985e6a17175d90de79c276b6a0341beaff87afdc5a272d4f0af7d2b334,False,49741
Ball_rec1276.jpg,1276,7.018,452,4000,4000,670728,8c52a997e98bd540a58895d43efbaa0151b165d4b8c3442aefdee78ca66f6291,False,49738
Ball_rec1277.jpg,1277,7.0235,453,4000,4000,670226,d9c1fe4bb378d8cbbbcdde3c13b1efb6cecf2f1a5620f870b4314afbf6057af2,False,49731
Ball_rec1278.jpg,1278,7.029,454,4000,4000,670593,0c12f16bdb4b8946263e30af5917533e74841ff3ef0e75bcdd185367839fad00,False,49730
Ball_rec1279.jpg,1279,7.0345,455,4000,4000,670795,a32c3a65c418a7367d644c90fd77a5dc34be0a7ba9d65b5df378087b9da96a5a,False,49725
Ball_rec1280.jpg,1280,7.04,456,4000,4000,671296,d0a6a07cd85c17dcb50576a38a7b5c2b8ba9763e9a12b0da4f3febe89fe7ee70,False,49722
Ball_rec1281.jpg,1281,7.0455,457,4000,4000,671619,ec93907891376adec837b63dc536d34f03b8d4967808657f1c8bed223e02dd92,False,49715
Ball_rec1282.jpg,1282,7.051,458,4000,4000,672305,5f21aa2cd1cf17b1e4dd61d7fdac4f8217c8381147ae2d9480c6a086716fc07a,False,49702
Ball_rec1283.jpg,1283,7.0565,459,4000,4000,672075,fcfc490936f7e906f394d219f2f7fb44840facd0fe3de4c4b6af0f1d8752c0e7,False,49682
Ball_rec1284.jpg,1284,7.062,460,4000,4000,671733,844efb8881d010d7d5ff36a107f39c513fc71db936d3a45aa6e8646e39a5510e,False,49672
Ball_rec1285.jpg,1285,7.0675,461,4000,4000,671023,82ea1b07a67934e2945251eab3bbf68f4f28e94684480739991546aa20f9260f,False,49664
Ball_rec1286.jpg,1286,7.073,462,4000,4000,668985,f787a6a0e0813bcf9d5ce9af5f12a7e355bf296400352cd9b1f9146ccd2c7bc2,False,49635
Ball_rec1287.jpg,1287,7.0785,463,4000,4000,667635,599d6bfbd5c8c218f217d0d52d067872be48ff0665f8be16f625c80c9a09dcc2,False,49631
Ball_rec1288.jpg,1288,7.084,464,4000,4000,666859,6df1188c72b6188da8f4b4bb68c774e855dc77095c0203aab10e432b52533fb0,False,49625
Ball_rec1289.jpg,1289,7.0895,465,4000,4000,665675,df028710e87a0625a3d6fdbb15e93367a048a97d2efebab2e37e1eb771a7c944,False,49618
Ball_rec1290.jpg,1290,7.095,466,4000,4000,664307,631abae4f31b5d00ed0f87fd1891639add399eff4ceae441bcf4b1e4545596fd,False,49602
Ball_rec1291.jpg,1291,7.1005,467,4000,4000,663686,aba96ec8cd0105c4e85d1fe03b39dc651c475a73a524d9176af50a1de869c83e,False,49587
Ball_rec1292.jpg,1292,7.106,468,4000,4000,662615,4bfeeffb8dcf46811331bbcef5259705eb810a151a1d57ec5ccd95e87f3fc368,False,49582
Ball_rec1293.jpg,1293,7.1115,469,4000,4000,662724,d9ba3c96f2160b35ffe7a42ab0466774f1f435a66e60ca3afc5e236d0096ad97,False,49585
Ball_rec1294.jpg,1294,7.117,470,4000,4000,662191,b1d424a773018b284518fc50e34fb828cdd4115f30a50c1d80ae2c9bc0a28086,False,49583
Ball_rec1295.jpg,1295,7.1225,471,4000,4000,662203,8b87b21eee5e7dac8c26da83c967e1263fe9b4a87c651d755f9d1e7063a9207d,False,49555
Ball_rec1296.jpg,1296,7.128,472,4000,4000,661722,09fa7b1590792eb857fbeaff3e43ceccd4bbc71b0c683fc4fc79eb0cba09050f,False,49559
Ball_rec1297.jpg,1297,7.1335,473,4000,4000,661336,395ec7613d1eb0066bf5d42e599d0889ad9175d8ae2156bcb860912d89f643c4,False,49529
Ball_rec1298.jpg,1298,7.139,474,4000,4000,661556,01a390929bc422b0c8b06c5b0881694ed6d87476a43062aef504281e06ffdd7d,False,49510
Ball_rec1299.jpg,1299,7.1445,475,4000,4000,661724,4e20b5e917ee56dde8018df2ad71b5a2cd148097c4fb66b3020e5e87a0f264cc,False,49492
Ball_rec1300.jpg,1300,7.15,476,4000,4000,661572,99256b0ec2f98ab73af08d6631b78708750c16542895662065612402633790ec,False,49485
Ball_rec1301.jpg,1301,7.1555,477,4000,4000,661441,884b5e5c9b5d3ed21a62bc5bb2e71fb369a99671ca251cd2c4eabff17a39bcb3,False,49462
Ball_rec1302.jpg,1302,7.161,478,4000,4000,661572,0d37e236f087ce8cdfa5124895bb4d98f9cc04b3de63bd86465ab1aa4e8a2255,False,49458
Ball_rec1303.jpg,1303,7.1665,479,4000,4000,661778,720b7ae18611a3b50b43d9d74d8ec6b9fbc2afd94c8af1b0a6f7ea3bf0231686,False,49433
Ball_rec1304.jpg,1304,7.172,480,4000,4000,661046,f8325007b3d56ed15135b1c5e13b8f93217893e5bb52c6880be6507d9da16e03,False,49414
Ball_rec1305.jpg,1305,7.1775,481,4000,4000,661000,918b870def71c606efbc4759255f6d54b76894a290905e388e564ad4424c3124,False,49410
Ball_rec1306.jpg,1306,7.183,482,4000,4000,660419,ba45a5b602a441697932f0e15b223cd741142ef125b4e5afb41ac6ca92dfc552,False,49390
Ball_rec1307.jpg,1307,7.1885,483,4000,4000,660501,5eadedd20f4d77aa2831150e48716eae4b5a949f143e440f0890c4cae0a60c01,False,49385
Ball_rec1308.jpg,1308,7.194,484,4000,4000,660458,5d7b4ab917b1882a09bc67ba52cbd5f8441f107204634d4cde6905775f21d10b,False,49370
Ball_rec1309.jpg,1309,7.1995,485,4000,4000,660630,84712e4414bec655d242595f112ad9b33310bcd2ee3d0869b6ff547031f337f2,False,49362
Ball_rec1310.jpg,1310,7.205,486,4000,4000,660578,3274cbf330864503b188619144ed96a4f36e02041d165dd302519ff92367b26a,False,49347
Ball_rec1311.jpg,1311,7.2105,487,4000,4000,660744,0c03d90ede204dadcc50b6df49d422364e053885757123d764a18d5708615bd7,False,49336
Ball_rec1312.jpg,1312,7.216,488,4000,4000,660856,413293cc086422d412e5dd4dadc4dc9ccc648fcb714f75b04785227598096b5d,False,49325
Ball_rec1313.jpg,1313,7.2215,489,4000,4000,661156,bfaa0cf492fcc3303ef2d061ffda8bf2a764bba06c1e33fd64fb9840658b849b,False,49317
Ball_rec1314.jpg,1314,7.227,490,4000,4000,660652,7b578ccc8c15036f8f6c498f6dae3e3e99fc17935a8558efb86452c664d3d67d,False,49303
Ball_rec1315.jpg,1315,7.2325,491,4000,4000,661061,637b6b182d16527c4efb03f6dd9283510f007b96ab4284742582d7f23ccdb363,False,49298
Ball_rec1316.jpg,1316,7.238,492,4000,4000,661490,b168ded6629bfeb49eb007c83ec4c6d13b739e6b478e0654ab2e066ec855f2a0,False,49289
Ball_rec1317.jpg,1317,7.2435,493,4000,4000,662238,35842df363fa9aa5c19ef0c128271866e5225544f45489ee20b79bdb62107b0d,False,49275
Ball_rec1318.jpg,1318,7.249,494,4000,4000,662438,feb6af33bcae1ef3325a36d40d69c06d6ece726f0bd21122b7835a86bedc42fc,False,49257
Ball_rec1319.jpg,1319,7.2545,495,4000,4000,662493,08d9c54939260853174fa18006cfafc41e16bfab7cbdf1277329a50d67610d49,False,49248
Ball_rec1320.jpg,1320,7.26,496,4000,4000,662495,4a816f5119b8b50f0029c05227e4dff966b92336db9b290e9f741bd9bc525168,False,49239
Ball_rec1321.jpg,1321,7.2655,497,4000,4000,662244,78e4fceff81ec8374d926f4a2ae967c8049ba00fde8e121690af4ced53bb708e,False,49225
Ball_rec1322.jpg,1322,7.271,498,4000,4000,662582,d71d6bb118e073ab6837eee5c4a28a22da8b1db4c8eaf38f110f632581b030fd,False,49219
Ball_rec1323.jpg,1323,7.2765,499,4000,4000,662279,427032078b94e23a360964fae702ac767f1cb74a75e81ed117c4e4cd02f368be,False,49211
Ball_rec1324.jpg,1324,7.282,500,4000,4000,661400,71b9cbabefd6cfca5461ef79c69c7f43532532fa6677903869e4c452aca7f09c,False,49192
Ball_rec1325.jpg,1325,7.2875,501,4000,4000,662135,9f29cfe912e4af14d11693038df3b654ddd5943bf2805fc65e0826c20f2ddb05,False,49189
Ball_rec1326.jpg,1326,7.293,502,4000,4000,661882,b6b43c65f7c8c6decd70f91d44f715b5c5ef8447aa011a6c88f552c0c5f54a22,False,49163
Ball_rec1327.jpg,1327,7.2985,503,4000,4000,661661,98bc2485cb04b1ac073484ee446175bc4b19ec18da53ed54d736404e05bd43f9,False,49154
Ball_rec1328.jpg,1328,7.304,504,4000,4000,662287,4eb69a12ea1f3a57dada2b7266490ff3726a88351f26ba61dd30d1cf286fac55,False,49146
Ball_rec1329.jpg,1329,7.3095,505,4000,4000,662672,503d8be465132616645bd97a9fec4332376e8efe257c7bd3c1117396f315371b,False,49136
Ball_rec1330.jpg,1330,7.315,506,4000,4000,662349,ae7045a40f6cc9ceac7cf2725e94ec84f180f3be624fd0f371acfac6d82d1688,False,49127
Ball_rec1331.jpg,1331,7.3205,507,4000,4000,662977,6be628b29c0adb2ebdfe68b9a71e85ab4500366c472d1030bf4e1b488241fef3,False,49124
Ball_rec1332.jpg,1332,7.326,508,4000,4000,662588,d3cf8eb5c7fb9528976df993d955144b495cde77c86786496a6b9e7175cab40d,False,49113
Ball_rec1333.jpg,1333,7.3315,509,4000,4000,662686,f084c38091347fdacead58ad67b52299abd3ad310ae1021462e62205087cc09c,False,49092
Ball_rec1334.jpg,1334,7.337,510,4000,4000,663117,c2b0d1cadac638da6a4d2959fe8539f50d44dfb166eb04aa8ce788d274c3d628,False,49085
Ball_rec1335.jpg,1335,7.3425,511,4000,4000,663397,86d0e7cd9653d28ed0be4c64c7211146b147f984e67c72008132175f0adb4cbb,False,49085
Ball_rec1336.jpg,1336,7.348,512,4000,4000,663319,9632916981d6ad3ba744048d4acef119b8eb66b2a9088a6aa1eba94548946c91,False,49053
Ball_rec1337.jpg,1337,7.3535,513,4000,4000,663235,39b5e2be547dd01088809b26ee9431bb6958fdef5c56dd3a0cb247e09397c61d,False,49043
Ball_rec1479.jpg,1479,8.1345,514,4000,4000,654556,ba146be915e6277bbb01f708d8f5db79017f9755d384ffbf788f27d77c19ab7f,False,48890
Ball_rec1480.jpg,1480,8.14,515,4000,4000,654945,a1ce85ca1290a15357ee29fe7eecf7bb6e2c7ff5790a9a7e653b7fa2e9a5ed22,False,48891
Ball_rec1481.jpg,1481,8.1455,516,4000,4000,654543,37f6ef7010d9b11f521a7cfb84ac8634fdd1d1e9763e7bb1df62f412e168cf92,False,48905
Ball_rec1482.jpg,1482,8.151,517,4000,4000,654487,a4eb6d7652a7b5f0397b613faf847b2d37b4ccecfbcec2f1b94133a36dcad266,False,48905
Ball_rec1483.jpg,1483,8.1565,518,4000,4000,653870,ec018e34d8e9373a8fc7c84d2ed977578b752af8d22a8412d3a0832196857fd0,False,48903
Ball_rec1484.jpg,1484,8.162,519,4000,4000,654597,4b0b9396559e2bf711920c6283600003344ba93f4886b2a4ee13306bd084e488,False,48911
Ball_rec1485.jpg,1485,8.1675,520,4000,4000,654944,fc0c3a3158ddfe588827ba8d2d456f31f12b46bfc56b34b06149bb4b3f5ca785,False,48926
Ball_rec1486.jpg,1486,8.173,521,4000,4000,655464,470e31ef9e996a9fbe5016ec145670935c041a47c04e84c811297c61ed3c42ac,False,48944
Ball_rec1487.jpg,1487,8.1785,522,4000,4000,655208,c3698f02fb61d0282ace25b7acf333c9767574c546747c1cec36b6e658dd49ab,False,48950
Ball_rec1488.jpg,1488,8.184,523,4000,4000,656432,495322636c4beb283f438e6ef7f7684eafd2983b97b0b4eb17060918c2f51494,False,48952
Ball_rec1489.jpg,1489,8.1895,524,4000,4000,657497,d7234ce620fceeb43883fe82ea5cd2282b88f295df346411122adeceedc63937,False,48964
Ball_rec1490.jpg,1490,8.195,525,4000,4000,658351,cc1087851d73087dfb660147fdde5bb401a39510de56224384d56b423c613253,False,48969
Ball_rec1491.jpg,1491,8.2005,526,4000,4000,658430,769738c5995dc80d4b9dcaa1a66fba8b91fc96b93a03a1ad952927442a140e98,False,48965
Ball_rec1492.jpg,1492,8.206,527,4000,4000,659736,6d2d2c8d20325094c4cf1d12444b592b1bfc1182ca1570c5e4cbdaa3b3380bc4,False,48985
Ball_rec1493.jpg,1493,8.2115,528,4000,4000,660575,4a449af392b7e455edb7b75e96cf7d5bf8bfc7d7100196bd716cdbe10be4a684,False,48994
Ball_rec1494.jpg,1494,8.217,529,4000,4000,662213,e7d64d655337800532a023ff250916f167d3c5c887a2f5097013fbe2fa3e9bb6,False,49005
Ball_rec1495.jpg,1495,8.2225,530,4000,4000,663408,f04fc01f98a6cf21918c99fff53f28a6bb11b881d74a9a34f2642259dd9d24b2,False,49013
Ball_rec1496.jpg,1496,8.228,531,4000,4000,664020,976f23acf81ec29dec6765c6ef556049bbb95d0bde5ad127459b0ff0b1d96b01,False,49011
Ball_rec1497.jpg,1497,8.2335,532,4000,4000,664380,688846cb64f4d4b80fe4b16379c07518a0b2addade8076099f02da391ceaa889,False,49008
Ball_rec1498.jpg,1498,8.239,533,4000,4000,664113,3486896b2bbf1eb977a9189739dbe3b37d01bdb5360697caee40bcafe5c70d8a,False,49034
Ball_rec1499.jpg,1499,8.2445,534,4000,4000,664252,3654c94fe9c5d3c423ae8075b60888b822260e3c4a0b5a4f49f394cc65896c99,False,49034
Ball_rec1500.jpg,1500,8.25,535,4000,4000,664593,4726802bcdf0484a31efdcee7f19c3c18944185a5fb8a2445704b32d0d12216e,False,49041
Ball_rec1501.jpg,1501,8.2555,536,4000,4000,664219,a4c0fd28318208008bdba59c6d9d6643936658e3667d6c35bda04929b6c791b6,False,49055
Ball_rec1502.jpg,1502,8.261,537,4000,4000,664403,7d919ac82d9cbea0d4938352a7f209b6b63bcaecc37a5bdaddb1b44f99dd74a8,False,49065
Ball_rec1503.jpg,1503,8.2665,538,4000,4000,665030,7fe799f748697af468f98c0ca41607c2d856dccacbf351bfc9cdf3b80637fc70,False,49082
Ball_rec1504.jpg,1504,8.272,539,4000,4000,666857,6dce791b1fdf29d1f803312b780c01f18b73defa1ba2a1b4900c63ee5988f421,False,49095
Ball_rec1505.jpg,1505,8.2775,540,4000,4000,686833,bc8946359e176669680a54adf98b5adaee3860131411144ac2b74d908faacd05,False,49113
Ball_rec1506.jpg,1506,8.283,541,4000,4000,667047,e6e99010ac625b39ab808aa71abb29dc5c59921e5ac021b5b74a02cbc46965b1,False,49106
Ball_rec1507.jpg,1507,8.2885,542,4000,4000,667156,81dacaae59a0a6bf1605e6ab335e9363b2e2d0e38c9673daf7480c53d42ee750,False,49121
Ball_rec1508.jpg,1508,8.294,543,4000,4000,667026,23a54da03a87c85c1a8284bbc0de56f7b34d93960f5d2004961c88e25e06d005,False,49128
Ball_rec1509.jpg,1509,8.2995,544,4000,4000,667287,1c9581ab477a01b16058776bbe72ced1310a82f677f665c3ac4db68af99e59da,False,49145
Ball_rec1510.jpg,1510,8.305,545,4000,4000,668095,5f245a5d591b6204d11ff5eabcf414d07479bc8cac0c3e373d75a2affaa74763,False,49148
Ball_rec1511.jpg,1511,8.3105,546,4000,4000,668770,93dd40f2e855d8c2f859ba4ca3aef696f0f60fe121882c76691d9200b84368c4,False,49158
Ball_rec1512.jpg,1512,8.316,547,4000,4000,668931,02683caad929d1109cacd7f87ae4f97d790bde2dd784dd8319d8b822e4a22ae2,False,49177
Ball_rec1513.jpg,1513,8.3215,548,4000,4000,669894,edce1aeca579e0651ece4b4b3f24e934ec7e5a7a75aaeb11ce625233eb147d14,False,49184
Ball_rec1514.jpg,1514,8.327,549,4000,4000,669600,adefbe64852051843c0edacf317bd8843427e2dfb85ddedc1cc6f105544eec5f,False,49181
Ball_rec1515.jpg,1515,8.3325,550,4000,4000,669597,4db064915efdf043a096179bed20be2998acc349bfbf8224457a38ac9cbc7026,False,49191
Ball_rec1516.jpg,1516,8.338,551,4000,4000,668878,dd69bf01f600b33a879885114b061f035ba03e9d55e2357f99ec0f29b070b88d,False,49193
Ball_rec1517.jpg,1517,8.3435,552,4000,4000,667000,fd12f3c490cfdd57a81553c96ce2d1af9899f1ad975e5c5bc567a3cf023ad5a9,False,49196
Ball_rec1518.jpg,1518,8.349,553,4000,4000,665308,2e51b5db0c5e9b66984df8581150126db2254f606a60f229856bec024a19fdbc,False,49202
Ball_rec1519.jpg,1519,8.3545,554,4000,4000,664069,3bf4252deeb72168e3847b9e1314acc9fdcdd732bae37328340dc78632bdf9aa,False,49230
Ball_rec1520.jpg,1520,8.36,555,4000,4000,663008,4bbc5c7e1384bd1aa5fb5f5203a447fcf0b9f0d29fafa66f037c3a132a965d09,False,49226
Ball_rec1521.jpg,1521,8.3655,556,4000,4000,662393,76aa4c9cc6ac57a815363eea41a1cfaf713f7fff894a136de965e74cbfad50f2,False,49234
Ball_rec1522.jpg,1522,8.371,557,4000,4000,661844,6f37e1d5fe182404ca7789772f039ffb2bb55da74c56d0bd22bd214896462a81,False,49253
Ball_rec1523.jpg,1523,8.3765,558,4000,4000,660958,f246e7e8d923e497cc5f3510b52014e4bf688e2b832e6dbc01f6af6d0f45914e,False,49254
Ball_rec1524.jpg,1524,8.382,559,4000,4000,660191,3c97b2ea26ddae9feb7411f59947cfbab3a13a401adfe825c09835ed670d904c,False,49255
Ball_rec1525.jpg,1525,8.3875,560,4000,4000,660337,058ee05f2534cbb39bd3d760ddad7b1c65e5e9ff934cdf6d65663f7402ef0db7,False,49260
Ball_rec1526.jpg,1526,8.393,561,4000,4000,659540,34606e52f40018f979142ef2cd10fd4483989965fa0347b61a986b57057edb35,False,49271
Ball_rec1527.jpg,1527,8.3985,562,4000,4000,659268,3ee68e2d73edfb23aa38cc8453f2392f35c3e27dde7d22f00de35092c6f7cab8,False,49284
Ball_rec1589.jpg,1589,8.7395,563,4000,4000,660624,93f6fabb6f061c34cf7cd6ec67ad31a748839ae2bb00dc535454b07d5482e977,False,50214
Ball_rec1590.jpg,1590,8.745,564,4000,4000,660148,0d2b6dd8ddfdbbec989eca6e42a39aa2cbbb248e0280012aa7d30a1c5b7a6ff7,False,50223
Ball_rec1591.jpg,1591,8.7505,565,4000,4000,660363,524dcbdd3b519e6afa8561b1866187f7b1fdccfbe203c57b8bc4be514ff282cd,False,50235
Ball_rec1592.jpg,1592,8.756,566,4000,4000,659829,24f56bdbab41ba799e1091483e43c85743accca5f66e17bd21559a8f6f6c4c3f,False,50233
Ball_rec1593.jpg,1593,8.7615,567,4000,4000,659502,75511b5121e1e35ada3a3b1d83cc81f36b25886b793c78f2272f650152c62f34,False,50236
Ball_rec1594.jpg,1594,8.767,568,4000,4000,659986,920a09099ccd175302696d19763ae2447efe6766fbfd9d9009e21fa98e904366,False,50233
Ball_rec1646.jpg,1646,9.053,569,4000,4000,655135,7ed5d92dceb3931665b8ef5089669451c9e28f8e17428d42e370c5aca28ed91b,False,50275
Ball_rec1647.jpg,1647,9.0585,570,4000,4000,655419,8ba3c44bb5a3ede053e6d797e60f1c82a1d3ce2256f222d531cd9a0c5bd15e14,False,50264
Ball_rec1648.jpg,1648,9.064,571,4000,4000,654874,f4978cbadf9109b60cd7434c2c860539316f0ee9f67244bd9a4be8cf4a76842a,False,50260
Ball_rec1649.jpg,1649,9.0695,572,4000,4000,654441,bd392723919f4409487bdf2c20f53719343a886ab7ac6409eec7f3790aa61a45,False,50250
Ball_rec1650.jpg,1650,9.075,573,4000,4000,654385,3e76e31088150ca128eb051c404e5bd682cf770b33f2abfb62d1ec1ec3b2ae89,False,50244
Ball_rec1651.jpg,1651,9.0805,574,4000,4000,654279,f4399171e969f9e71f59020d18cbbfc7307746fd724067e0ee88c96f01d8ce35,False,50241
Ball_rec1652.jpg,1652,9.086,575,4000,4000,654649,85c74e922803287223e52710be835ed70e6724b5c1958dc19c06527ee4ec971b,False,50248
Ball_rec1653.jpg,1653,9.0915,576,4000,4000,654174,b3cdd6ac04a519c1a285f6e2b62fcc0e27442c806794b03a5b8afc1d2ab01257,False,50237
Ball_rec1654.jpg,1654,9.097,577,4000,4000,654137,98f4bd70dfc3eaab6ec10ecec4fa8715e4017903172a29f8b1450d501b3a1d1b,False,50231
Ball_rec1655.jpg,1655,9.1025,578,4000,4000,654384,4224022b1a5b2bcfd0d423f0f5370a36423b9a9c346293018abded2dca639f23,False,50238
Ball_rec1656.jpg,1656,9.108,579,4000,4000,653952,c26e6a4d973f838a440f9657bc904d4e24b11827ae701f618bc54e2b3a63452e,False,50228
Ball_rec1657.jpg,1657,9.1135,580,4000,4000,654043,20176d3077e50d20b5d7d3a3d3c3338d794524e6dcc4cb5ac6c0ae5e620e0e1c,False,50242
Ball_rec1658.jpg,1658,9.119,581,4000,4000,654152,a2da4e63860f3307294e244a7625d3b704ff232edc44dc86fc42ce06e62ceefd,False,50242
Ball_rec1659.jpg,1659,9.1245,582,4000,4000,654063,37158bf815a5cda508f431d42ae87cdc2f70754e11471df9a1cb178257c92880,False,50236
Ball_rec1660.jpg,1660,9.13,583,4000,4000,654802,a6d34410774b20cd1415a1f489c1bdc00854a5cad9774c76b782db3ae1ee33f5,False,50239
Ball_rec1661.jpg,1661,9.1355,584,4000,4000,654744,af114f1dfc42f6e770b6b62edb8244a23da639d90d4ec9cef5f4e5afe26adf2c,False,50243
Ball_rec1662.jpg,1662,9.141,585,4000,4000,655026,7e8c440848fe39d07731a3ae94485463c1da71053cbf3f34eb8ec91078c3ddbf,False,50243
Ball_rec1663.jpg,1663,9.1465,586,4000,4000,654849,0cd958347eb8863ce5abf4d6c49815d1aed1fb48fc2b0becb13ef84246b5de3c,False,50228
Ball_rec1664.jpg,1664,9.152,587,4000,4000,654614,2216bca122481d826596999f7747812fb88749e7176d8c33f3da43d49c7b39cd,False,50227
Ball_rec1665.jpg,1665,9.1575,588,4000,4000,654286,6d48a45afe39111ba879f52b011d8a966483006749946455fdbd3e84c5f6ba9f,False,50227
Ball_rec1666.jpg,1666,9.163,589,4000,4000,654076,49114736bf6d41eb5d7b062e0e26ccca418427349a676bacb851cf5facd88928,False,50226
Ball_rec1667.jpg,1667,9.1685,590,4000,4000,654499,ee8c2badb0213f86e848dfc6fbb8ff14f5e97b0cca6065842a3319694f7b63ee,False,50234
Ball_rec1668.jpg,1668,9.174,591,4000,4000,654202,c9fd91965353cc3d6ae8e824d7a4d4427403e1417bafe5430d7187f653b8196d,False,50233
Ball_rec1669.jpg,1669,9.1795,592,4000,4000,653998,746d8d50e55c77bc75502d10748afd8857bda425b44fd08a7f44e5748559349b,False,50233
Ball_rec1670.jpg,1670,9.185,593,4000,4000,653728,c6026d37731beda79a6693a48a240599f35a76ee53b107539a4920adf510d8b0,False,50232
Ball_rec1671.jpg,1671,9.1905,594,4000,4000,654021,fae0999ff0d54dcc3439c72d1fd6550ecb5ad5704b6059c76b4474a847238c24,False,50230
Ball_rec1672.jpg,1672,9.196,595,4000,4000,653584,bef2102daf6cf87571da0bca1306ae9ab5319eb3576dca78bf5ac4c4ae72adcc,False,50230
Ball_rec1673.jpg,1673,9.2015,596,4000,4000,653968,ff685af207a10219673c797ee33b00e8cf3dadb7ae66100d42a2f8e63f6187b0,False,50233
Ball_rec1674.jpg,1674,9.207,597,4000,4000,653785,b4272ecf6a6318eec234855e2eb83084f2db14b244ec0c1db037de90d4fb5858,False,50236
Ball_rec1675.jpg,1675,9.2125,598,4000,4000,653639,e41f55707309d4ba8f5db8f5c80c8bc62ada8239b2f1cbc0521ca5085abb5312,False,50228
Ball_rec1676.jpg,1676,9.218,599,4000,4000,653742,673e3e5bd615f1e5fa5ad927da407ec5b22a0ce4f6b9a28bd16da9bd343e499b,False,50226
Ball_rec1677.jpg,1677,9.2235,600,4000,4000,653800,f8d63ab8af43f55804cba9d0db869d942245796570a68eca0e25bce54fc5941a,False,50225
Ball_rec1678.jpg,1678,9.229,601,4000,4000,654099,6f772f96839894a142a0347a61a42b0caf570ee05bf845638cfa4dfb0716100e,False,50222
Ball_rec1679.jpg,1679,9.2345,602,4000,4000,653516,6e074803d74e325e8c6c5db7fb53cb6b2b0e72f343172a243eab79ba7cf3f364,False,50221
Ball_rec1680.jpg,1680,9.24,603,4000,4000,653400,18740f7109e74fcefb30caf7b826f310affc606aab6401177a6550a10abdf0e8,False,50215
Ball_rec1681.jpg,1681,9.2455,604,4000,4000,653574,57cc567282fa9d9e7cf376d4a27a1147ad908476d15d7cc633753dd5fcfffd42,False,50222
Ball_rec1682.jpg,1682,9.251,605,4000,4000,653127,1f0b2e24d7c510bbb46ab764fb952cc1e141d2459e5c9d8be15cacad7ee2aaea,False,50229
Ball_rec1683.jpg,1683,9.2565,606,4000,4000,653247,da294f0b1334d869c63aea6c169db093e596fbb49221c06c0bb720b82c7b9ddf,False,50225
Ball_rec1684.jpg,1684,9.262,607,4000,4000,653150,2041dcd67217692c121ba93798514fe33c61804dba6c52297e676ab027f2d4f7,False,50202
Ball_rec1685.jpg,1685,9.2675,608,4000,4000,652589,27ecfe9b4869b1e3b776521daeef157e98295a0704625fa46991ca5f42afc5f1,False,50198
Ball_rec1686.jpg,1686,9.273,609,4000,4000,653093,881b6a64171857c9154575bd801db2a5548f52babf80daa0c1eeb2884c99f435,False,50203
Ball_rec1687.jpg,1687,9.2785,610,4000,4000,653178,f63de95ba045bee1ad33bae93add67390c9f79264110485d015814829e3a9f50,False,50201
Ball_rec1688.jpg,1688,9.284,611,4000,4000,653229,949e3cc5a89990d52318e4cb2c65103c60b6b9e405065ebda60894e2da3dfef7,False,50201
Ball_rec1689.jpg,1689,9.2895,612,4000,4000,653389,52b320ddc743cab2d0af2b5e4054d31bd2c98b309b73c83685049be5289cde0b,False,50194
Ball_rec1690.jpg,1690,9.295,613,4000,4000,654343,e1b0f3dc21caaf92138078944d5263f6e4de86d20c41bbeacd3896c96cf196bb,False,50215
Ball_rec1691.jpg,1691,9.3005,614,4000,4000,653920,50fc44699dccfc8cfba464382304af13c18b9a39c7a3314f7d48b3a12f952482,False,50206
Ball_rec1692.jpg,1692,9.306,615,4000,4000,654570,ad4dedae42f54b724202268d1113b49638893b2cc328afa0d52f7c67eafec938,False,50200
Ball_rec1693.jpg,1693,9.3115,616,4000,4000,655282,b7a3bb19361e23c01ff264a0541f509d2fd3b5a796e82b4c1a26ecbbfe94b97b,False,50120
Ball_rec1694.jpg,1694,9.317,617,4000,4000,655657,665ca248f7fa276147824649346c51cf4b6619aa4d6a7d3cc1bf17d555fdbaad,False,50121
Ball_rec1695.jpg,1695,9.3225,618,4000,4000,656734,82a89b39f4fd687d0f8172451e59ca52211e8fc4bfa4cb62847f85cc0b75fe82,False,50117
Ball_rec1696.jpg,1696,9.328,619,4000,4000,657959,f6347bec1e35d7dba471b0f98c8ad3ff19378ab287c89122507d5b6264f19a08,False,50120
Ball_rec1833.jpg,1833,10.0815,620,4000,4000,657822,d362903409e70a3416100bd94420cc0da43aae5c84bd7786e5132cde162e34ae,False,50988
Ball_rec1834.jpg,1834,10.087,621,4000,4000,658608,e8a1d272041f590ddc63d46fd7c55b78d73b3f4207c4cd2b2bc19587d05d4afe,False,50988
Ball_rec1835.jpg,1835,10.0925,622,4000,4000,658359,e2cdac5825b4d909e45fa543368d4687c354bbd77464c4153a4fedfbb2523469,False,50994
Ball_rec1836.jpg,1836,10.098,623,4000,4000,657813,848de186268e426e11ddad76731410e016399fec3b4058fa5d6998e1137f813d,False,50989
Ball_rec1837.jpg,1837,10.1035,624,4000,4000,657939,d45f83ecf05e873c0493bbd20d3195bb653b35eab9f72b5cf62455d2a76d86b2,False,50988
Ball_rec1838.jpg,1838,10.109,625,4000,4000,658439,cf1c31f0e7a53529edcd8d92cbb25b313de2fb54c3a9e7468ba31488691f6a30,False,50994
Ball_rec1839.jpg,1839,10.1145,626,4000,4000,656948,ea8fcd4a960735accea3042034d37ef04ec98590a24eae15e8ccac807194ff01,False,51004
Ball_rec1840.jpg,1840,10.12,627,4000,4000,656988,2a225e1005c65ce52bbdb166e61fae54798c619a2accdb6b094100f5c974f9e7,False,51001
Ball_rec1841.jpg,1841,10.1255,628,4000,4000,657475,ab4f82bc167d301e8ac8c915a6aee0a77513cf80129c3156070bf8e398a9c800,False,51016
Ball_rec1842.jpg,1842,10.131,629,4000,4000,658675,7991c6b5db2a794bb99ab4d287ad8d6014819a0dda124eca50bc7b097a605d2a,False,51013
Ball_rec1843.jpg,1843,10.1365,630,4000,4000,683583,cb9bdc24ecbfc67286a01671f71ec17ab8c0a16944f05506cfd4f63a21bae4b9,False,51030
Ball_rec1844.jpg,1844,10.142,631,4000,4000,658484,19ed3c9bfc9c0c1561dbf39827225edf9f011219e46f3fef0ebfa8b92999cc19,False,51044
Ball_rec1845.jpg,1845,10.1475,632,4000,4000,657763,c5fdebf9879f94745546d533074cb9e33f1bccce4b354f99aa0c3953693d0e84,False,51050
Ball_rec1846.jpg,1846,10.153,633,4000,4000,657882,ed5b9cae6303ce7502ccc3ebe4bd57946e074ba499b31deccabc8b802e2f11b7,False,51050
Ball_rec1847.jpg,1847,10.1585,634,4000,4000,658439,7074983898cf44845e0c115d6f2b8875c701e8a0b93d6f328ecfa9d1cf0aa455,False,51058
Ball_rec1848.jpg,1848,10.164,635,4000,4000,659074,2261041255189cf372d8aebe7c10c444a640d2ccb18c05aea0a06c8eaf9fa3d6,False,51062
Ball_rec1849.jpg,1849,10.1695,636,4000,4000,659752,7bdf93b7c15d3111b0c7d80312c8a111558a3497c70fa834ccebe360dad6a5aa,False,51068
Ball_rec1850.jpg,1850,10.175,637,4000,4000,659835,ecde2a884980c4233e86e8d166e1fe7cd233995e645bdede244d3e83578059d7,False,51057
Ball_rec1851.jpg,1851,10.1805,638,4000,4000,660451,314e6a4d3209f1598028a8aee0389d15304b28c94efc6dc719193fd728963f77,False,51015
Ball_rec1852.jpg,1852,10.186,639,4000,4000,660984,70571904208d80a9293c71149ffb2607bc014f0a07fddea1ce232bfa9d41cfcc,False,50979
Ball_rec1853.jpg,1853,10.1915,640,4000,4000,660032,dde62095223d4b866015ff649ec6b6672cb692cbedab6101bf091e25df02b946,False,50919
Ball_rec1854.jpg,1854,10.197,641,4000,4000,659637,cbf932af0b8474192e3c2a12891d0e942a498cd261f3ff27856a1be55e7a856c,False,50847
Ball_rec1855.jpg,1855,10.2025,642,4000,4000,658119,936ff1c77ee54734780db826b0ce032bbe2c8fb4fe1f85fc499d186f4a851311,False,50758
Ball_rec1856.jpg,1856,10.208,643,4000,4000,656895,fc29be6c297dbc48008b50b44b056ea230190cbbe036616ff29db82380056d92,False,50641
Ball_rec1857.jpg,1857,10.2135,644,4000,4000,655728,6e16d0715d988ab17b0ed84313679939480c5c53f7f37474eb73814bff627c72,False,50507
Ball_rec1858.jpg,1858,10.219,645,4000,4000,655041,dd0185bb8858471b73315657a5b2acfd25c91593c3674833a0dc617e1b44d891,False,50370
Ball_rec1859.jpg,1859,10.2245,646,4000,4000,653776,7d2d09bd708e36684fbf345b7c679413d0d09efc0ac75555800e1606ed5ecea8,False,50246
Ball_rec1860.jpg,1860,10.23,647,4000,4000,653299,4c8ef64452e31fcd14b6c680cee65a14c0eee6ae21bbf3165253aa0cdece7dd5,False,50112
Ball_rec1861.jpg,1861,10.2355,648,4000,4000,651863,402b4e8ae81c1cf9de48be49bc430ef5fea8e6e78a52bd06e27721ca8317ada4,False,49985
Ball_rec1862.jpg,1862,10.241,649,4000,4000,651535,765985b5d25088beeace829abfa417d979ca71236f2492db40c5a6e3f446629c,False,49864
Ball_rec1863.jpg,1863,10.2465,650,4000,4000,651399,73c824d2356a0c57861a7f0114f83b4cb2d470347fbfe079d8d6d7c0e5ab4389,False,49722
Ball_rec1864.jpg,1864,10.252,651,4000,4000,651552,60153648e61b9c9584f49eaf081c302762419591558f951ea61f0b2ffce278d7,False,49587
Ball_rec1865.jpg,1865,10.2575,652,4000,4000,651291,16a059ce8877a136f76dc4427f5d5df020a8c74a5123297e2586390d171a4135,False,49480
Ball_rec1866.jpg,1866,10.263,653,4000,4000,651115,19367048e38bf457e92c0e1ceb1ccbb97961d056d206c32c81a0d00cf90a7d14,False,49331
Ball_rec1867.jpg,1867,10.2685,654,4000,4000,651247,f48e2cae4ad8688314b135f2215efbf4183d8db4a7222a36d7b7d1744997667e,False,49189
Ball_rec1868.jpg,1868,10.274,655,4000,4000,651231,e49a5f7e61d2add2b6218f1e55bae679060f1f6933f68ea68bb1dcff6c3c7682,False,49029
Ball_rec1869.jpg,1869,10.2795,656,4000,4000,651822,5849959f23dd8a6652462874edddc3454e6a6a9c62a10c9429d41e36483aba08,False,48898
Ball_rec1870.jpg,1870,10.285,657,4000,4000,651894,f436bb657db0a881a724bff25c4dc57fb1ab56c6790cf57a62700e1fe42e296d,False,48768
Ball_rec1871.jpg,1871,10.2905,658,4000,4000,652021,c60e6a047c786c68dc7fe81c955f2fadcd0b3c23c78419a6a22c3654b9fc48c0,False,48622
Ball_rec1872.jpg,1872,10.296,659,4000,4000,652707,9539739eccf4889e02616b07075ea08ae2112db05ae3654ecd100f1b25e8d3d8,False,48522
Ball_rec1873.jpg,1873,10.3015,660,4000,4000,653096,61062f2c2a7036e52ca25a88adcf8d6b4b3830aa210e2549c937ddba8b5e0315,False,48378
Ball_rec1874.jpg,1874,10.307,661,4000,4000,652994,43029a68016bd8e94cc252ff477c19aef8e035755ca82cd99ebd2de471c4381b,False,48274
Ball_rec1875.jpg,1875,10.3125,662,4000,4000,653457,df4c04ef06c4b057fa7eb774c6ed489a2a86559f3b362a244997073dd2b4cc94,False,48183
Ball_rec1876.jpg,1876,10.318,663,4000,4000,653408,7a3fd5ccee8b91a6f30493d7dec0222fcb07cfacb93226076bd98757abb796b0,False,48105
Ball_rec1877.jpg,1877,10.3235,664,4000,4000,652686,b760310d4dc5d95ae2bf1184ad6ebe6354034283f930e7d6c0ed9052e320e913,False,48043
Ball_rec1878.jpg,1878,10.329,665,4000,4000,652533,d6aad3ada46c4cb20703fa4c993fc5b457e161c55521063d05cd9a9d36b2e41a,False,47983
Ball_rec1879.jpg,1879,10.3345,666,4000,4000,652058,eccc0778c679cd5e6827a940fafd9dadc11b04ac56b6db45ff278609ee1c7a96,False,47939
Ball_rec1880.jpg,1880,10.34,667,4000,4000,651059,516e8dc9e3848f31147b5a5f8e8418ed57515e6dc19f612f9397ebd386f6f7c1,False,47915
Ball_rec2139.jpg,2139,11.7645,668,4000,4000,705782,76c0e5ec1e95d9d5cc6cff419e24a095625215e520b904b6a0d3dca07788727e,False,44144
Ball_rec2140.jpg,2140,11.77,669,4000,4000,702540,27bcfeb2833edf2f22ef36dd9a4626f2606d783aa04633fa07f9c37959210b80,False,43847
Ball_rec2141.jpg,2141,11.7755,670,4000,4000,699749,b7c9e93dc06d0377d749e1e1caec013053c825f0ad6658a7bfbd75bb6c1dd8de,False,43505
Ball_rec2142.jpg,2142,11.781,671,4000,4000,696198,da3fc32efcd52f15e7ffb105ba75891a621232e06e62960e3655e1a450028406,False,43212
Ball_rec2143.jpg,2143,11.7865,672,4000,4000,692774,72cf8523810fff5710250d5acf124e3ee8592fd1400586b89635df8dc2136b9f,False,42833
Ball_rec2144.jpg,2144,11.792,673,4000,4000,690144,4b56c107b89d76380030c31c70f04c20cd900974ec5112539d99b8db28c1bb43,False,42484
Ball_rec2145.jpg,2145,11.7975,674,4000,4000,686609,f31fa1edafa6dd26fed2b8f35b6befff63aee01d61bc6a9a8db98fa13074ad47,False,42136
Ball_rec2146.jpg,2146,11.803,675,4000,4000,686513,88c5c388b1a55264b16f11c4e48d1cfa6ad447edbfb96bb45e20a08e24e6d5e8,False,41708
Ball_rec2147.jpg,2147,11.8085,676,4000,4000,682121,93b33526a664ae40b07809fd3431fd0beb1e1c6ef421ce2407f52396565b25dd,False,41301
Ball_rec2148.jpg,2148,11.814,677,4000,4000,680484,4616cc58795ccf9cfe6e5236d28aa0d2116e27a79742dbb09a3cb26b2543520e,False,40866
Ball_rec2149.jpg,2149,11.8195,678,4000,4000,678963,78e7fb958f202bee8a37c72f5790cb63d869adc4035af571ae26ea2cf3a208cd,False,40439
Ball_rec2150.jpg,2150,11.825,679,4000,4000,677144,f38a30571a5e32ff320d3c259e1db94ec954642cd57fd0dd6e8bdcf2e59526f7,False,39939
Ball_rec2151.jpg,2151,11.8305,680,4000,4000,676199,d42fc3e9738e72b9967bae81645ff264f3cad48741e4ee3a9e73aa1524f7dcc4,False,39415
Ball_rec2152.jpg,2152,11.836,681,4000,4000,674755,fa681965316a2194e73c7e5b53e81e9c1ae1a68a6f0497a409a709502b52e5a6,False,38908
Ball_rec2153.jpg,2153,11.8415,682,4000,4000,673230,5a8c970a1ab462d1647e882a4e74c1aa282112c28ed962bd1c4d5ef6b23fb70c,False,38370
Ball_rec2154.jpg,2154,11.847,683,4000,4000,672024,9c43b0d466bf839da113e729c55b7294b07bdd0bf36c9ba42bc837cb2249c1a6,False,37862
Ball_rec2155.jpg,2155,11.8525,684,4000,4000,671216,592bd5ac654af3768534ec51737781f530704f39f5a69929ccde22f36cebe93d,False,37376
Ball_rec2156.jpg,2156,11.858,685,4000,4000,670543,76a8f0e384358901df9d246c404fd67002959866c2b27292e6f172472a3e9932,False,36799
Ball_rec2157.jpg,2157,11.8635,686,4000,4000,670383,9007c0b9e5bb60bb922fdaa7d4467d80ea2d01fb2ba9d478b0be7de02d8fbfd3,False,36269
Ball_rec2158.jpg,2158,11.869,687,4000,4000,716284,ab58ee2adb469230620c120452d277db50e9f9ade9a2394771c3cd3f27778f66,False,35699
Ball_rec2159.jpg,2159,11.8745,688,4000,4000,716695,fc4b2eb7877b6ba718de968c6e77adf89b1a469ab374c3f856c47ca2120b7db9,False,35137
Ball_rec2160.jpg,2160,11.88,689,4000,4000,669634,3dcd0baf50fc1ea376bd12f44e0cd90ec8c5e8e9521aeac7e99b43ce092bfda9,False,34588
Ball_rec2161.jpg,2161,11.8855,690,4000,4000,677672,815c55af993bc9296738d58315b7d300c50438f4096a7ef5662546bd3c52adfe,True,33927
Ball_rec2162.jpg,2162,11.891,691,4000,4000,670147,cf990de3a09f5fd0f27fdcc0ca1a1b5216e0ed28b0f8b8571571e6fe342e530d,False,33280
Ball_rec2163.jpg,2163,11.8965,692,4000,4000,671118,52fdec5db6eee08998880006376ec7b7935b269818d75c71c12dbc2be94f547a,False,32707
Ball_rec2164.jpg,2164,11.902,693,4000,4000,673221,67c112431601af50fdbaac64f5084cc81288cf0fb5613e7dd1299735f4d1883a,False,32091
Ball_rec2165.jpg,2165,11.9075,694,4000,4000,674436,6ac6875ec9f1e624977dc9882a14341a7efd96a9c863daff7fc130c8f441c5cf,False,31462
Ball_rec2166.jpg,2166,11.913,695,4000,4000,675935,28b5e79956cda47c33aa1c67fd3df2097868cd8618c4d590725026cbbedbc82e,False,30795
Ball_rec2167.jpg,2167,11.9185,696,4000,4000,677062,bb2b71c18161b0c5e51fd802172efed14bd74fee5a446eef51093b5ae4da6e8e,False,30177
Ball_rec2168.jpg,2168,11.924,697,4000,4000,677562,7a20e76d06bf19da158a3865f801d28620d7226e9dae0e569e11135c3c5d4acc,False,29594
Ball_rec2169.jpg,2169,11.9295,698,4000,4000,677235,0f5be313f95be2376f971ab4085cd715f2e5438d3584598f8e8e6ed238296020,False,28909
Ball_rec2170.jpg,2170,11.935,699,4000,4000,676786,3c81ba4bde7c046d8983946e72c9194f205b543cc0552255c62ab17d639ffbab,False,28428
Ball_rec2171.jpg,2171,11.9405,700,4000,4000,676167,6b0ddf330be06d475fe422487bc82758da8c37c0fdb71e2da8d4b8e3bee78c44,False,27897
Ball_rec2172.jpg,2172,11.946,701,4000,4000,674658,9d5cb75f38b08613484ef5d9e7c4bc26cfdfb58ccc84c9c01d1dc5bfb9cc4aab,False,27371
Ball_rec2173.jpg,2173,11.9515,702,4000,4000,674022,a1838a9818aad0030c350c7ececf1ccf14291a620a9925a631af4c2a19383cb8,False,26867
Ball_rec2174.jpg,2174,11.957,703,4000,4000,673384,2e933e8cd8be6cb16b7e5b5c5ea54980f4960edbaebab376df93c4df99b69739,False,26409
Ball_rec2175.jpg,2175,11.9625,704,4000,4000,671784,a3e08050d2fc1eb83afd435ca5bdfda71e0d361c58ce08c0ae593dca357a57fc,False,25910
Ball_rec2176.jpg,2176,11.968,705,4000,4000,669831,27a2e5868c9d7222419b7fd267ed004a84851b8aa89d1ea3522a05452f4e0099,False,25433
Ball_rec2177.jpg,2177,11.9735,706,4000,4000,667343,9084da7db54ba8eafc05f003c243c7ad8a1e30a6c33d557b63eeec1f564c3f7b,False,24978
Ball_rec2178.jpg,2178,11.979,707,4000,4000,715137,649554dfd60e2404fd6ddd4083af3e90547239b0f944d59450ed2001aa7063f6,False,24517
Ball_rec2179.jpg,2179,11.9845,708,4000,4000,712323,4126c74ed368cf720a2e9cd1f2f99c411eeeb30dbce86b0c83d48f21634e4426,False,24079
Ball_rec2180.jpg,2180,11.99,709,4000,4000,709767,5ee9be281647fa89e8f844e5e744d092510f76073764954eca28e9f75e109b3e,False,23627
Ball_rec2181.jpg,2181,11.9955,710,4000,4000,706768,a8a89e07d7123b31ccda0b8d7d0ed2e98f6deb1b681a3dc098711fa4d0944ae0,False,23157
Ball_rec2182.jpg,2182,12.001,711,4000,4000,704046,c333a47ae40aaf53993e4b636e88ed6c109b9df9ee094585eb3ae4bafd003b17,False,22714
Ball_rec2183.jpg,2183,12.0065,712,4000,4000,699459,0d02e2ad928b6c643666bf1486523f6486de1c593e2fe9116d1a159908b7667a,False,22254
Ball_rec2184.jpg,2184,12.012,713,4000,4000,695354,6d61ab05ab8f7cb9623422c4ecf718117dbca38718ecdc212b416f20acda984f,False,21785
Ball_rec2185.jpg,2185,12.0175,714,4000,4000,691786,181f5fda57ef2d026b454b304c7922ea77303326cef47a81634a955a8cb8ccf4,False,21372
Ball_rec2186.jpg,2186,12.023,715,4000,4000,695369,281515674912b6fd725a4448df12f14bae01c4ede09c5d933049e9608cf51b74,False,20959
Ball_rec2187.jpg,2187,12.0285,716,4000,4000,690348,450b5eb892356fc388e664f7f8fc2cdee989fe64797ecbe41e8806c1dd05c9a5,False,20495
Ball_rec2188.jpg,2188,12.034,717,4000,4000,687572,ac06b5e563eb31c38ac8b86aeb1681a7a5c401082a8d450cde8d03831e2e806b,False,20057
Ball_rec2189.jpg,2189,12.0395,718,4000,4000,685420,9f4fd821a32909ae4d3014ff14225d1abc66a18113e5c1713be2455ba38f903f,False,19592
Ball_rec2190.jpg,2190,12.045,719,4000,4000,685234,de93a2e483f6c7f24b654ad1c9ee8a5074d87c0ee2960b5255c93252603960c6,False,19158
Ball_rec2191.jpg,2191,12.0505,720,4000,4000,712430,31bfbf5b573038b2cd9aa398103bd2ac42c1a1a1915fd358c8d388f8228f8e4f,False,18701
Ball_rec2192.jpg,2192,12.056,721,4000,4000,681859,6b7f83b6481ea3d2917e0060022497b98ef30e2e7c5dc18f089b3aa4678b319c,False,18244
Ball_rec2193.jpg,2193,12.0615,722,4000,4000,680329,379a6b1323e7522b51f634c056b35199f036d1fb4b43fb15ee7f62fb5c3a7339,False,17833
Ball_rec2194.jpg,2194,12.067,723,4000,4000,678959,1255762d9782683e5e322a02d189da31d8c916ae787523dd129001cf35edb249,False,17395
Ball_rec2195.jpg,2195,12.0725,724,4000,4000,677840,808db7e1174ab673ca3f2d8a493fc75b8910489782567ca2e4bb3f8d1b2c05cf,False,16925
Ball_rec2196.jpg,2196,12.078,725,4000,4000,677262,a0e67c8f8a046b78a289c23a75ea3efbda342e549f2ce050cfd38ec1125c254c,False,16458
Ball_rec2197.jpg,2197,12.0835,726,4000,4000,676698,82a7bb98cd0a5d8a90bb6dba10b1ad916852d20c642e8b8d1e151b1c7844fd1d,False,16038
Ball_rec2198.jpg,2198,12.089,727,4000,4000,675496,0757a383f02c16f0a3dae414ff81e160b8224c8024a37920e9c934c793170ed7,False,15610
Ball_rec2199.jpg,2199,12.0945,728,4000,4000,674787,3bc3ab6270ac4b7ebbddb6ae19201f34c83aa444a8089f1b17384ba03cb063e5,False,15164
Ball_rec2200.jpg,2200,12.1,729,4000,4000,672194,ac69c62b54b979e637524e2b4b30a0c521324058a04310cab6d2db208867471e,False,14702
Ball_rec2201.jpg,2201,12.1055,730,4000,4000,669365,e375fea62ceeb452c7adcbd2f22d51458dad30df2cc97283a0a77016ee4e28a0,False,14256
Ball_rec2202.jpg,2202,12.111,731,4000,4000,666007,c578e8b5ad4d8a95f9f37c047cf85808941f063bafd504635560b622b5b291e5,False,13820
Ball_rec2203.jpg,2203,12.1165,732,4000,4000,662575,f1e75efa02aaf03062026f164edb974cdf0f94c802e17a69aa0725341fdd5d28,False,13321
Ball_rec2204.jpg,2204,12.122,733,4000,4000,659237,360e93232deaf2a71c57099a4055bcbed4b5c1e009dbeb0a00f0e39fc10c135a,False,12882
Ball_rec2205.jpg,2205,12.1275,734,4000,4000,657168,395473902f575566e1f26bafda0f9d4935fc2f2d9a2bcabc72782fef252d86f4,False,12404
Ball_rec2206.jpg,2206,12.133,735,4000,4000,655981,fbf287c3460c3c57b74c9d0da69bd5dfebf9e8618c237fc13f8e314f2e7cc540,False,11919
Ball_rec2207.jpg,2207,12.1385,736,4000,4000,654346,d1506e750ac0fbd8d56b7b5d97d669f1913149a99dac61daffb416b4e07d06ae,False,11445
Ball_rec2208.jpg,2208,12.144,737,4000,4000,653203,9c6da1340ff6621408415b460d9511b049dd1346e0b5a9d637e6ee1146fe6740,False,10931
Ball_rec2209.jpg,2209,12.1495,738,4000,4000,652221,0908a49e992450ee6f6be73dc882ba7c93714aeb292e22775520ea6b587d21a3,False,10411
Ball_rec2210.jpg,2210,12.155,739,4000,4000,652313,298ffaed9f57865aa829d8ad880b6931df16ad16d39899f61518b0c16726fef5,False,9866
Ball_rec2211.jpg,2211,12.1605,740,4000,4000,651471,3baf407dd0fe5feceab71d96b635c66cccb80d36b3f09a8d4eacded689924867,False,9381
Ball_rec2212.jpg,2212,12.166,741,4000,4000,650422,584018ac56d3d6d985a60f0f028bfd62c8123fb9d101e8fb01a9680140b4b6cb,False,8900
Ball_rec2213.jpg,2213,12.1715,742,4000,4000,649236,f3bf2de14cda2087b554120543832e1b382ce448a5f439dc98aea2a4502c469f,False,8315
Ball_rec2214.jpg,2214,12.177,743,4000,4000,647652,ce30d733e6b032f929b8a1ed6c4618fe1128977e8f9ac1ca29b6a89bcc25a1d3,False,7912
Ball_rec2215.jpg,2215,12.1825,744,4000,4000,645801,b6bf3887fa1a7a4e5280af3a212d76a6efe1d6333692ac5f4079a61abad559fd,False,7515
Ball_rec2216.jpg,2216,12.188,745,4000,4000,643086,b15152f607a2e7eb664f1a2c594541613f41bc8ecc381b8ed79b343a69f87e88,False,7116
Ball_rec2217.jpg,2217,12.1935,746,4000,4000,640079,e446c662d0b7f44ba40a637a472f944653b85c0aa727d9ece5579a4f687e51cc,False,6757
Ball_rec2218.jpg,2218,12.199,747,4000,4000,637344,20aaf0628ba293edf036a74b3b77e4b20e1d7092e7fce875ee17d861bc6f1aed,False,6387
Ball_rec2219.jpg,2219,12.2045,748,4000,4000,633818,a3011bb7d0313303509af3a9701931f8aa00d089eb869c7acd1a43a1e8699fb4,False,6027
Ball_rec2220.jpg,2220,12.21,749,4000,4000,630588,df6b8e1d797e763899e44c2c2694be2766d9e8c407d133363ff69cd74250e963,False,5680
Ball_rec2221.jpg,2221,12.2155,750,4000,4000,627503,e9cf9c695244c77817bc03c0f1927e749e3f4dcd3a2c322f2a55dadb6995449c,False,5322
Ball_rec2222.jpg,2222,12.221,751,4000,4000,624975,1c9e4b37d9cd9842e6e46557c96d4783c5aa36a6a5fb15f1f65c4567e021dc77,False,4958
Ball_rec2223.jpg,2223,12.2265,752,4000,4000,622179,bc03db6967e9dcf9fab5144f54bd6dee08644439ff539a90dd926e6f7e444afe,False,4676
Ball_rec2224.jpg,2224,12.232,753,4000,4000,619420,7827d823feaf3d098f4184c144eb87dcf8a52254b7394078fa75b5cfb1211c29,False,4340
Ball_rec2225.jpg,2225,12.2375,754,4000,4000,616504,945e019e4b4d53e158dbe16fa348b3728671d772cb116c957d4b22d163a2eb0d,False,4044
Ball_rec2226.jpg,2226,12.243,755,4000,4000,613180,d96adec651dc5cdd4df74bb55c287c1d7e4a0878219ac9ebcefad3e22377433d,False,3753
Ball_rec2227.jpg,2227,12.2485,756,4000,4000,610385,64663b96a85cb91aa1154fddee3aec72e6ee2bdd0f0ebe0008308dbabc598d3b,False,3436
Ball_rec2228.jpg,2228,12.254,757,4000,4000,606798,5454e63f706fb3be1718dad3036141a8e54224a8d04a0a88dcc4bc38cf38b1fe,False,3182
Ball_rec2229.jpg,2229,12.2595,758,4000,4000,603904,602329820135d223079c3b7eaf609b084e026e82df32314f5c07d895826d2b8a,False,2887
Ball_rec2230.jpg,2230,12.265,759,4000,4000,600034,cbfbf8c1edb0da212ff60122f519f828dd8ef5e4d9917da069e6e7a7018a6c0e,False,2643
Ball_rec2231.jpg,2231,12.2705,760,4000,4000,596961,9042ec6954da60ca5cb793e621bd48b518e786ac99497c0fba7d1741e30e8ced,False,2394
Ball_rec2232.jpg,2232,12.276,761,4000,4000,592833,74070ae565dc21b41d126d36e774160dc55c9b2c52b7c00e240efc3002271dc6,False,2153
Ball_rec2233.jpg,2233,12.2815,762,4000,4000,715706,b3985e165221426112475e4870ab4c0f6ee167468f97706d97e3f9a9925d9803,False,1858
Ball_rec2234.jpg,2234,12.287,763,4000,4000,710796,e0737c70037d252b45bf441f875374cf127745c4387064313ebea939e5cc2ca9,False,1681
Ball_rec2235.jpg,2235,12.2925,764,4000,4000,705749,c29c73844161267645b594ad0ea867cf4960d60ff46064f3e7a8cf5cf6a86c4d,False,1502
Ball_rec2236.jpg,2236,12.298,765,4000,4000,703541,02d96cc3d01ad9af71068f7784957634d173cc3a5b2352fb7dfb2577b1413865,False,1319
Ball_rec2237.jpg,2237,12.3035,766,4000,4000,695587,b1478b4e4bfec03dbd0227026ff1e608fed373545a3a515c416f62011ddc4d56,False,1163
Ball_rec2238.jpg,2238,12.309,767,4000,4000,690402,ecf999d8d50b07e56ba7e35ba64a8ff89e05703ddeb59d16157594f991270b40,False,995
Ball_rec2239.jpg,2239,12.3145,768,4000,4000,680872,b8bf2f592f549e91a3d2f0d9892d26f30df3f26e5adc2b3011d194b4a7afe3c5,False,832
Ball_rec2240.jpg,2240,12.32,769,4000,4000,676425,d6cd267c78f1833e4423072730ccc14866b89c96680b1b6ccf55bd026e717cf5,False,701
Ball_rec2241.jpg,2241,12.3255,770,4000,4000,671282,1d2472674da8956f3b64836b8b5cd0dfc6a94786aaa737b76dfea4f7baa4717d,False,517
Ball_rec2242.jpg,2242,12.331,771,4000,4000,666001,3759306e9b852bef899bea374123b20af1cc8763a6a05512a05b770a31ba334b,False,355
